14225,MOUSE3,00784A162400,13,5,0,7,LEFT,26-Feb-20,12:05:57,26-Feb-20,12:07:06
14226,MOUSE3,00784A162400,2,0,0,7,LEFT,26-Feb-20,12:43:03,26-Feb-20,12:43:15
14227,MOUSE3,00784A162400,2,0,0,7,LEFT,26-Feb-20,12:55:19,26-Feb-20,12:55:30
14228,MOUSE3,00784A162400,2,0,0,7,LEFT,26-Feb-20,13:04:31,26-Feb-20,13:04:43
14229,MOUSE3,00784A162400,3,1,0,7,LEFT,26-Feb-20,13:12:18,26-Feb-20,13:12:35
14230,MOUSE3,00784A162400,4,0,0,7,LEFT,26-Feb-20,13:14:02,26-Feb-20,13:14:24
14231,MOUSE3,00784A162400,2,0,0,7,LEFT,26-Feb-20,13:18:01,26-Feb-20,13:18:13
14232,MOUSE3,00784A162400,2,0,0,7,LEFT,26-Feb-20,13:22:50,26-Feb-20,13:23:02
14233,MOUSE3,00784A162400,2,0,0,7,LEFT,26-Feb-20,13:27:14,26-Feb-20,13:27:26
14234,MOUSE3,00784A162400,2,0,0,7,LEFT,26-Feb-20,13:28:59,26-Feb-20,13:29:11
14235,MOUSE3,00784A162400,3,0,0,7,LEFT,26-Feb-20,13:35:52,26-Feb-20,13:36:09
14236,MOUSE3,00784A162400,2,0,0,7,LEFT,26-Feb-20,13:38:11,26-Feb-20,13:38:22
14237,MOUSE3,00784A162400,2,0,0,7,LEFT,26-Feb-20,13:39:27,26-Feb-20,13:39:38
14238,MOUSE3,00784A162400,2,0,0,7,LEFT,26-Feb-20,13:47:19,26-Feb-20,13:47:31
14239,MOUSE3,00784A162400,2,0,0,7,LEFT,26-Feb-20,13:48:42,26-Feb-20,13:48:54
14240,MOUSE3,00784A162400,2,0,0,7,LEFT,26-Feb-20,13:56:50,26-Feb-20,13:57:02
14241,MOUSE3,00784A162400,2,0,0,7,LEFT,26-Feb-20,14:39:22,26-Feb-20,14:39:33
14242,MOUSE3,00784A162400,2,0,0,7,LEFT,26-Feb-20,14:55:20,26-Feb-20,14:55:32
14243,MOUSE3,00784A162400,5,1,0,7,LEFT,26-Feb-20,18:02:30,26-Feb-20,18:02:58
14244,MOUSE3,00784A162400,2,0,0,7,LEFT,26-Feb-20,20:31:11,26-Feb-20,20:31:23
14245,MOUSE3,00784A162400,3,1,0,7,LEFT,26-Feb-20,20:32:34,26-Feb-20,20:32:51
14246,MOUSE3,00784A162400,3,1,0,7,LEFT,26-Feb-20,20:33:32,26-Feb-20,20:33:49
14247,MOUSE3,00784A162400,2,0,0,7,LEFT,26-Feb-20,21:32:29,26-Feb-20,21:32:41
14248,MOUSE3,00784A162400,2,1,0,7,LEFT,26-Feb-20,21:33:45,26-Feb-20,21:33:57
14249,MOUSE3,00784A162400,2,0,0,7,LEFT,26-Feb-20,21:36:28,26-Feb-20,21:36:40
14250,MOUSE3,00784A162400,2,0,0,7,LEFT,26-Feb-20,21:42:32,26-Feb-20,21:42:44
14251,MOUSE3,00784A162400,2,0,0,7,LEFT,26-Feb-20,21:44:11,26-Feb-20,21:44:22
14252,MOUSE3,00784A162400,2,0,0,7,LEFT,26-Feb-20,21:59:07,26-Feb-20,21:59:19
14253,MOUSE3,00784A162400,2,0,0,7,LEFT,26-Feb-20,21:59:48,26-Feb-20,22:00:00
14254,MOUSE3,00784A162400,3,1,0,7,LEFT,26-Feb-20,22:00:07,26-Feb-20,22:00:24
14255,MOUSE3,00784A162400,2,0,0,7,LEFT,26-Feb-20,22:08:52,26-Feb-20,22:09:04
14256,MOUSE3,00784A162400,2,0,0,7,LEFT,26-Feb-20,22:22:15,26-Feb-20,22:22:27
14257,MOUSE3,00784A162400,2,0,0,7,LEFT,26-Feb-20,22:26:14,26-Feb-20,22:26:25
14258,MOUSE3,00784A162400,3,1,0,7,LEFT,26-Feb-20,22:31:52,26-Feb-20,22:32:09
14259,MOUSE3,00784A162400,2,0,0,7,LEFT,26-Feb-20,22:38:27,26-Feb-20,22:38:38
14260,MOUSE3,00784A162400,2,0,0,7,LEFT,26-Feb-20,22:55:59,26-Feb-20,22:56:11
14261,MOUSE3,00784A162400,2,0,0,7,LEFT,26-Feb-20,23:43:13,26-Feb-20,23:43:24
14262,MOUSE3,00784A162400,2,0,0,7,LEFT,27-Feb-20,0:14:18,27-Feb-20,0:14:30
14263,MOUSE3,00784A162400,2,0,0,7,LEFT,27-Feb-20,0:20:11,27-Feb-20,0:20:23
14264,MOUSE3,00784A162400,2,0,0,7,LEFT,27-Feb-20,0:22:09,27-Feb-20,0:22:20
14265,MOUSE3,00784A162400,2,0,0,7,LEFT,27-Feb-20,0:26:48,27-Feb-20,0:26:59
14266,MOUSE3,00784A162400,2,0,0,7,LEFT,27-Feb-20,0:28:23,27-Feb-20,0:28:34
14267,MOUSE3,00784A162400,2,0,0,7,LEFT,27-Feb-20,0:48:30,27-Feb-20,0:48:42
14268,MOUSE3,00784A162400,2,0,0,7,LEFT,27-Feb-20,1:00:35,27-Feb-20,1:00:47
14269,MOUSE3,00784A162400,2,0,0,7,LEFT,27-Feb-20,1:05:25,27-Feb-20,1:05:36
14270,MOUSE3,00784A162400,2,0,0,7,LEFT,27-Feb-20,1:09:41,27-Feb-20,1:09:53
14271,MOUSE3,00784A162400,2,0,0,7,LEFT,27-Feb-20,1:10:01,27-Feb-20,1:10:12
14272,MOUSE3,00784A162400,2,0,0,7,LEFT,27-Feb-20,1:20:07,27-Feb-20,1:20:19
14273,MOUSE3,00784A162400,2,0,0,7,LEFT,27-Feb-20,1:22:01,27-Feb-20,1:22:13
14274,MOUSE3,00784A162400,3,1,0,7,LEFT,27-Feb-20,4:40:34,27-Feb-20,4:40:51
14275,MOUSE3,00784A162400,3,1,0,7,LEFT,27-Feb-20,4:46:01,27-Feb-20,4:46:18
14276,MOUSE3,00784A162400,2,0,0,7,LEFT,27-Feb-20,5:00:12,27-Feb-20,5:00:23
14277,MOUSE3,00784A162400,3,1,0,7,LEFT,27-Feb-20,5:04:23,27-Feb-20,5:04:40
14278,MOUSE3,00784A162400,2,0,0,7,LEFT,27-Feb-20,5:16:48,27-Feb-20,5:17:00
14279,MOUSE3,00784A162400,2,0,0,7,LEFT,27-Feb-20,5:44:50,27-Feb-20,5:45:02
14280,MOUSE3,00784A162400,3,1,0,7,LEFT,27-Feb-20,5:55:50,27-Feb-20,5:56:07
14281,MOUSE3,00784A162400,3,1,0,7,LEFT,27-Feb-20,5:59:17,27-Feb-20,5:59:34
14282,MOUSE3,00784A162400,2,0,0,7,LEFT,27-Feb-20,6:23:22,27-Feb-20,6:23:33
14283,MOUSE3,00784A162400,2,0,0,7,LEFT,27-Feb-20,6:29:58,27-Feb-20,6:30:09
14284,MOUSE3,00784A162400,2,0,0,7,LEFT,27-Feb-20,6:34:29,27-Feb-20,6:34:41
14285,MOUSE3,00784A162400,2,0,0,7,LEFT,27-Feb-20,6:48:49,27-Feb-20,6:49:01
14286,MOUSE3,00784A162400,2,0,0,7,LEFT,27-Feb-20,6:51:45,27-Feb-20,6:51:57
14287,MOUSE3,00784A162400,2,0,0,7,LEFT,27-Feb-20,7:09:59,27-Feb-20,7:10:10
14288,MOUSE3,00784A162400,2,0,0,7,LEFT,27-Feb-20,7:25:28,27-Feb-20,7:25:40
14289,MOUSE3,00784A162400,2,0,0,7,LEFT,27-Feb-20,7:32:24,27-Feb-20,7:32:35
14290,MOUSE3,00784A162400,2,0,0,7,LEFT,27-Feb-20,7:47:53,27-Feb-20,7:48:05
14291,MOUSE3,00784A162400,2,0,0,7,LEFT,27-Feb-20,8:10:57,27-Feb-20,8:11:09
14292,MOUSE3,00784A162400,2,0,0,7,LEFT,27-Feb-20,8:33:46,27-Feb-20,8:33:57
14293,MOUSE3,00784A162400,2,0,0,7,LEFT,27-Feb-20,12:14:47,27-Feb-20,12:14:59
14294,MOUSE3,00784A162400,2,0,0,7,LEFT,27-Feb-20,18:01:27,27-Feb-20,18:01:38
14295,MOUSE3,00784A162400,2,0,0,7,LEFT,27-Feb-20,20:11:26,27-Feb-20,20:11:37
14296,MOUSE3,00784A162400,2,0,0,7,LEFT,27-Feb-20,20:13:46,27-Feb-20,20:13:57
14297,MOUSE3,00784A162400,4,0,0,7,LEFT,27-Feb-20,20:15:08,27-Feb-20,20:15:30
14298,MOUSE3,00784A162400,6,1,0,7,LEFT,27-Feb-20,20:16:38,27-Feb-20,20:17:11
14299,MOUSE3,00784A162400,4,0,0,7,LEFT,27-Feb-20,20:20:01,27-Feb-20,20:20:23
14300,MOUSE3,00784A162400,3,0,0,7,LEFT,27-Feb-20,20:23:59,27-Feb-20,20:24:16
14301,MOUSE3,00784A162400,9,3,0,7,LEFT,27-Feb-20,20:25:23,27-Feb-20,20:26:12
14302,MOUSE3,00784A162400,4,2,0,7,LEFT,27-Feb-20,20:27:55,27-Feb-20,20:28:17
14303,MOUSE3,00784A162400,2,0,0,7,LEFT,27-Feb-20,20:30:20,27-Feb-20,20:30:32
14304,MOUSE3,00784A162400,2,0,0,7,LEFT,27-Feb-20,20:33:38,27-Feb-20,20:33:50
14305,MOUSE3,00784A162400,2,0,0,7,LEFT,27-Feb-20,20:37:52,27-Feb-20,20:38:03
14306,MOUSE3,00784A162400,3,1,0,7,LEFT,27-Feb-20,20:38:40,27-Feb-20,20:38:57
14307,MOUSE3,00784A162400,9,2,0,7,LEFT,27-Feb-20,20:46:19,27-Feb-20,20:47:08
14308,MOUSE3,00784A162400,2,0,0,7,LEFT,27-Feb-20,20:48:49,27-Feb-20,20:49:01
14309,MOUSE3,00784A162400,2,0,0,7,LEFT,27-Feb-20,20:49:44,27-Feb-20,20:49:56
14310,MOUSE3,00784A162400,5,1,0,7,LEFT,27-Feb-20,20:50:04,27-Feb-20,20:50:32
14311,MOUSE3,00784A162400,2,0,0,7,LEFT,27-Feb-20,20:51:07,27-Feb-20,20:51:19
14312,MOUSE3,00784A162400,6,0,0,7,LEFT,27-Feb-20,20:51:35,27-Feb-20,20:52:07
14313,MOUSE3,00784A162400,14,3,0,7,LEFT,27-Feb-20,20:53:44,27-Feb-20,20:54:58
14314,MOUSE3,00784A162400,2,0,0,7,LEFT,27-Feb-20,20:55:53,27-Feb-20,20:56:05
14315,MOUSE3,00784A162400,5,1,0,7,LEFT,27-Feb-20,20:56:35,27-Feb-20,20:57:02
14316,MOUSE3,00784A162400,6,3,0,7,LEFT,27-Feb-20,20:57:09,27-Feb-20,20:57:42
14317,MOUSE3,00784A162400,2,0,0,7,LEFT,27-Feb-20,20:58:02,27-Feb-20,20:58:14
14318,MOUSE3,00784A162400,22,15,0,7,LEFT,27-Feb-20,20:58:15,27-Feb-20,21:00:11
14319,MOUSE3,00784A162400,2,0,0,7,LEFT,27-Feb-20,21:02:45,27-Feb-20,21:02:57
14320,MOUSE3,00784A162400,3,1,0,7,LEFT,27-Feb-20,21:14:21,27-Feb-20,21:14:38
14321,MOUSE3,00784A162400,2,0,0,7,LEFT,27-Feb-20,21:16:19,27-Feb-20,21:16:31
14322,MOUSE3,00784A162400,2,0,0,7,LEFT,27-Feb-20,21:22:41,27-Feb-20,21:22:52
14323,MOUSE3,00784A162400,2,0,0,7,LEFT,27-Feb-20,21:23:05,27-Feb-20,21:23:16
14324,MOUSE3,00784A162400,4,0,0,7,LEFT,27-Feb-20,21:24:56,27-Feb-20,21:25:18
14325,MOUSE3,00784A162400,4,1,0,7,LEFT,27-Feb-20,21:27:15,27-Feb-20,21:27:37
14326,MOUSE3,00784A162400,8,3,0,7,LEFT,27-Feb-20,21:32:23,27-Feb-20,21:33:06
14327,MOUSE3,00784A162400,4,0,0,7,LEFT,27-Feb-20,21:34:36,27-Feb-20,21:34:58
14328,MOUSE3,00784A162400,5,1,0,7,LEFT,27-Feb-20,21:35:21,27-Feb-20,21:35:49
14329,MOUSE3,00784A162400,2,0,0,7,LEFT,27-Feb-20,21:36:18,27-Feb-20,21:36:30
14330,MOUSE3,00784A162400,2,0,0,7,LEFT,27-Feb-20,21:36:39,27-Feb-20,21:36:51
14331,MOUSE3,00784A162400,2,0,0,7,LEFT,27-Feb-20,21:37:28,27-Feb-20,21:37:40
14332,MOUSE3,00784A162400,2,0,0,7,LEFT,27-Feb-20,21:42:10,27-Feb-20,21:42:22
14333,MOUSE3,00784A162400,5,0,0,7,LEFT,27-Feb-20,21:42:25,27-Feb-20,21:42:53
14334,MOUSE3,00784A162400,2,0,0,7,LEFT,27-Feb-20,21:50:49,27-Feb-20,21:51:01
14335,MOUSE3,00784A162400,7,4,0,7,LEFT,27-Feb-20,21:51:24,27-Feb-20,21:52:02
14336,MOUSE3,00784A162400,3,0,0,7,LEFT,27-Feb-20,21:55:39,27-Feb-20,21:55:56
14337,MOUSE3,00784A162400,6,3,0,7,LEFT,27-Feb-20,21:57:08,27-Feb-20,21:57:41
14338,MOUSE3,00784A162400,2,0,0,7,LEFT,27-Feb-20,21:59:05,27-Feb-20,21:59:16
14339,MOUSE3,00784A162400,2,0,0,7,LEFT,27-Feb-20,21:59:21,27-Feb-20,21:59:33
14340,MOUSE3,00784A162400,3,1,0,7,LEFT,27-Feb-20,22:12:37,27-Feb-20,22:12:54
14341,MOUSE3,00784A162400,4,0,0,7,LEFT,27-Feb-20,22:13:20,27-Feb-20,22:13:43
14342,MOUSE3,00784A162400,6,2,0,7,LEFT,27-Feb-20,22:19:27,27-Feb-20,22:20:00
14343,MOUSE3,00784A162400,4,0,0,7,LEFT,27-Feb-20,22:22:49,27-Feb-20,22:23:11
14344,MOUSE3,00784A162400,6,3,0,7,LEFT,27-Feb-20,22:23:16,27-Feb-20,22:23:49
14345,MOUSE3,00784A162400,2,0,0,7,LEFT,27-Feb-20,22:27:25,27-Feb-20,22:27:36
14346,MOUSE3,00784A162400,3,1,0,7,LEFT,27-Feb-20,22:28:12,27-Feb-20,22:28:29
14347,MOUSE3,00784A162400,2,0,0,7,LEFT,27-Feb-20,22:31:37,27-Feb-20,22:31:49
14348,MOUSE3,00784A162400,4,1,0,7,LEFT,27-Feb-20,22:32:10,27-Feb-20,22:32:32
14349,MOUSE3,00784A162400,2,0,0,7,LEFT,27-Feb-20,22:33:23,27-Feb-20,22:33:35
14350,MOUSE3,00784A162400,6,1,0,7,LEFT,27-Feb-20,22:34:07,27-Feb-20,22:34:40
14351,MOUSE3,00784A162400,4,1,0,7,LEFT,27-Feb-20,22:40:30,27-Feb-20,22:40:52
14352,MOUSE3,00784A162400,3,0,0,7,LEFT,27-Feb-20,22:43:01,27-Feb-20,22:43:18
14353,MOUSE3,00784A162400,4,1,0,7,LEFT,27-Feb-20,22:44:01,27-Feb-20,22:44:23
14354,MOUSE3,00784A162400,3,0,0,7,LEFT,27-Feb-20,22:45:52,27-Feb-20,22:46:09
14355,MOUSE3,00784A162400,6,3,0,7,LEFT,27-Feb-20,22:46:22,27-Feb-20,22:46:54
14356,MOUSE3,00784A162400,2,0,0,7,LEFT,27-Feb-20,22:58:22,27-Feb-20,22:58:34
14357,MOUSE3,00784A162400,2,0,0,7,LEFT,27-Feb-20,22:59:55,27-Feb-20,23:00:07
14358,MOUSE3,00784A162400,2,0,0,7,LEFT,27-Feb-20,23:05:16,27-Feb-20,23:05:27
14359,MOUSE3,00784A162400,6,3,0,7,LEFT,27-Feb-20,23:09:38,27-Feb-20,23:10:11
14360,MOUSE3,00784A162400,3,1,0,7,LEFT,27-Feb-20,23:15:51,27-Feb-20,23:16:07
14361,MOUSE3,00784A162400,2,0,0,7,LEFT,27-Feb-20,23:18:52,27-Feb-20,23:19:03
14362,MOUSE3,00784A162400,8,3,0,7,LEFT,27-Feb-20,23:19:07,27-Feb-20,23:19:50
14363,MOUSE3,00784A162400,3,0,0,7,LEFT,27-Feb-20,23:20:16,27-Feb-20,23:20:33
14364,MOUSE3,00784A162400,2,0,0,7,LEFT,27-Feb-20,23:26:11,27-Feb-20,23:26:22
14365,MOUSE3,00784A162400,2,0,0,7,LEFT,27-Feb-20,23:26:35,27-Feb-20,23:26:47
14366,MOUSE3,00784A162400,9,4,0,7,LEFT,27-Feb-20,23:31:36,27-Feb-20,23:32:24
14367,MOUSE3,00784A162400,5,2,0,7,LEFT,27-Feb-20,23:34:31,27-Feb-20,23:34:58
14368,MOUSE3,00784A162400,7,5,0,7,LEFT,27-Feb-20,23:35:17,27-Feb-20,23:35:55
14369,MOUSE3,00784A162400,2,0,0,7,LEFT,27-Feb-20,23:36:28,27-Feb-20,23:36:39
14370,MOUSE3,00784A162400,2,0,0,7,LEFT,27-Feb-20,23:37:44,27-Feb-20,23:37:56
14371,MOUSE3,00784A162400,4,2,0,7,LEFT,27-Feb-20,23:42:56,27-Feb-20,23:43:18
14372,MOUSE3,00784A162400,4,1,0,7,LEFT,27-Feb-20,23:44:29,27-Feb-20,23:44:51
14373,MOUSE3,00784A162400,5,4,0,7,LEFT,27-Feb-20,23:49:23,27-Feb-20,23:49:51
14374,MOUSE3,00784A162400,2,0,0,7,LEFT,27-Feb-20,23:52:07,27-Feb-20,23:52:19
14375,MOUSE3,00784A162400,3,0,0,7,LEFT,27-Feb-20,23:55:53,27-Feb-20,23:56:10
14376,MOUSE3,00784A162400,6,4,0,7,LEFT,28-Feb-20,0:00:51,28-Feb-20,0:01:24
14377,MOUSE3,00784A162400,2,0,0,7,LEFT,28-Feb-20,0:05:24,28-Feb-20,0:05:36
14378,MOUSE3,00784A162400,2,0,0,7,LEFT,28-Feb-20,0:05:42,28-Feb-20,0:05:54
14379,MOUSE3,00784A162400,4,1,0,7,LEFT,28-Feb-20,0:10:09,28-Feb-20,0:10:31
14380,MOUSE3,00784A162400,4,1,0,7,LEFT,28-Feb-20,0:10:50,28-Feb-20,0:11:12
14381,MOUSE3,00784A162400,3,1,0,7,LEFT,28-Feb-20,0:15:50,28-Feb-20,0:16:07
14382,MOUSE3,00784A162400,3,0,0,7,LEFT,28-Feb-20,0:27:31,28-Feb-20,0:27:47
14383,MOUSE3,00784A162400,3,0,0,7,LEFT,28-Feb-20,0:31:41,28-Feb-20,0:31:58
14384,MOUSE3,00784A162400,2,0,0,7,LEFT,28-Feb-20,0:32:34,28-Feb-20,0:32:45
14385,MOUSE3,00784A162400,3,0,0,7,LEFT,28-Feb-20,0:34:32,28-Feb-20,0:34:49
14386,MOUSE3,00784A162400,2,0,0,7,LEFT,28-Feb-20,0:38:34,28-Feb-20,0:38:45
14387,MOUSE3,00784A162400,7,3,0,7,LEFT,28-Feb-20,0:39:19,28-Feb-20,0:39:57
14388,MOUSE3,00784A162400,7,1,0,7,LEFT,28-Feb-20,0:41:05,28-Feb-20,0:41:42
14389,MOUSE3,00784A162400,4,2,0,7,LEFT,28-Feb-20,0:42:30,28-Feb-20,0:42:52
14390,MOUSE3,00784A162400,7,3,0,7,LEFT,28-Feb-20,0:44:48,28-Feb-20,0:45:26
14391,MOUSE3,00784A162400,2,0,0,7,LEFT,28-Feb-20,0:45:46,28-Feb-20,0:45:57
14392,MOUSE3,00784A162400,4,1,0,7,LEFT,28-Feb-20,0:47:51,28-Feb-20,0:48:13
14393,MOUSE3,00784A162400,7,3,0,7,LEFT,28-Feb-20,0:48:34,28-Feb-20,0:49:11
14394,MOUSE3,00784A162400,2,0,0,7,LEFT,28-Feb-20,0:51:16,28-Feb-20,0:51:27
14395,MOUSE3,00784A162400,3,1,0,7,LEFT,28-Feb-20,0:55:01,28-Feb-20,0:55:18
14396,MOUSE3,00784A162400,3,1,0,7,LEFT,28-Feb-20,0:56:32,28-Feb-20,0:56:49
14397,MOUSE3,00784A162400,3,1,0,7,LEFT,28-Feb-20,0:58:49,28-Feb-20,0:59:05
14398,MOUSE3,00784A162400,3,2,0,7,LEFT,28-Feb-20,1:02:35,28-Feb-20,1:02:52
14399,MOUSE3,00784A162400,3,0,0,7,LEFT,28-Feb-20,1:07:14,28-Feb-20,1:07:31
14400,MOUSE3,00784A162400,7,5,0,7,LEFT,28-Feb-20,1:14:40,28-Feb-20,1:15:18
14401,MOUSE3,00784A162400,7,4,0,7,LEFT,28-Feb-20,1:15:41,28-Feb-20,1:16:19
14402,MOUSE3,00784A162400,2,0,0,7,LEFT,28-Feb-20,1:26:19,28-Feb-20,1:26:31
14403,MOUSE3,00784A162400,2,0,0,7,LEFT,28-Feb-20,3:50:27,28-Feb-20,3:50:38
14404,MOUSE3,00784A162400,4,1,0,7,LEFT,28-Feb-20,3:51:10,28-Feb-20,3:51:32
14405,MOUSE3,00784A162400,2,0,0,7,LEFT,28-Feb-20,3:52:22,28-Feb-20,3:52:34
14406,MOUSE3,00784A162400,2,0,0,7,LEFT,28-Feb-20,3:59:18,28-Feb-20,3:59:30
14407,MOUSE3,00784A162400,4,1,0,7,LEFT,28-Feb-20,4:08:12,28-Feb-20,4:08:34
14408,MOUSE3,00784A162400,3,1,0,7,LEFT,28-Feb-20,4:08:44,28-Feb-20,4:09:01
14409,MOUSE3,00784A162400,5,3,0,7,LEFT,28-Feb-20,4:15:37,28-Feb-20,4:16:05
14410,MOUSE3,00784A162400,4,0,0,7,LEFT,28-Feb-20,5:05:08,28-Feb-20,5:05:30
14411,MOUSE3,00784A162400,11,5,0,7,LEFT,28-Feb-20,5:12:11,28-Feb-20,5:13:10
14412,MOUSE3,00784A162400,5,1,0,7,LEFT,28-Feb-20,5:20:49,28-Feb-20,5:21:16
14413,MOUSE3,00784A162400,4,1,0,7,LEFT,28-Feb-20,5:24:29,28-Feb-20,5:24:51
14414,MOUSE3,00784A162400,5,1,0,7,LEFT,28-Feb-20,5:25:05,28-Feb-20,5:25:33
14415,MOUSE3,00784A162400,3,1,0,7,LEFT,28-Feb-20,5:26:05,28-Feb-20,5:26:22
14416,MOUSE3,00784A162400,5,2,0,7,LEFT,28-Feb-20,5:26:23,28-Feb-20,5:26:50
14417,MOUSE3,00784A162400,15,3,0,7,LEFT,28-Feb-20,5:27:58,28-Feb-20,5:29:18
14418,MOUSE3,00784A162400,5,2,0,7,LEFT,28-Feb-20,5:34:24,28-Feb-20,5:34:51
14419,MOUSE3,00784A162400,5,1,0,7,LEFT,28-Feb-20,5:39:42,28-Feb-20,5:40:09
14420,MOUSE3,00784A162400,6,2,0,7,LEFT,28-Feb-20,5:41:56,28-Feb-20,5:42:28
14421,MOUSE3,00784A162400,6,2,0,7,LEFT,28-Feb-20,5:46:14,28-Feb-20,5:46:47
14422,MOUSE3,00784A162400,22,2,0,7,LEFT,28-Feb-20,5:46:51,28-Feb-20,5:48:48
14423,MOUSE3,00784A162400,3,0,0,7,LEFT,28-Feb-20,5:52:51,28-Feb-20,5:53:08
14424,MOUSE3,00784A162400,12,1,0,7,LEFT,28-Feb-20,5:54:13,28-Feb-20,5:55:17
14425,MOUSE3,00784A162400,2,0,0,7,LEFT,28-Feb-20,5:59:24,28-Feb-20,5:59:36
14426,MOUSE3,00784A162400,2,0,0,7,LEFT,28-Feb-20,6:01:34,28-Feb-20,6:01:45
14427,MOUSE3,00784A162400,2,0,0,7,LEFT,28-Feb-20,6:05:51,28-Feb-20,6:06:03
14428,MOUSE3,00784A162400,2,0,0,7,LEFT,28-Feb-20,6:06:08,28-Feb-20,6:06:20
14429,MOUSE3,00784A162400,2,0,0,7,LEFT,28-Feb-20,6:06:37,28-Feb-20,6:06:49
14430,MOUSE3,00784A162400,2,0,0,7,LEFT,28-Feb-20,6:09:20,28-Feb-20,6:09:32
14431,MOUSE3,00784A162400,2,0,0,7,LEFT,28-Feb-20,6:09:39,28-Feb-20,6:09:51
14432,MOUSE3,00784A162400,7,2,0,7,LEFT,28-Feb-20,6:10:59,28-Feb-20,6:11:37
14433,MOUSE3,00784A162400,5,2,0,7,LEFT,28-Feb-20,6:14:46,28-Feb-20,6:15:13
14434,MOUSE3,00784A162400,3,0,0,7,LEFT,28-Feb-20,6:28:28,28-Feb-20,6:28:45
14435,MOUSE3,00784A162400,5,3,0,7,LEFT,28-Feb-20,6:29:03,28-Feb-20,6:29:30
14436,MOUSE3,00784A162400,2,0,0,7,LEFT,28-Feb-20,6:31:22,28-Feb-20,6:31:34
14437,MOUSE3,00784A162400,15,7,0,7,LEFT,28-Feb-20,6:31:35,28-Feb-20,6:32:55
14438,MOUSE3,00784A162400,3,1,0,7,LEFT,28-Feb-20,6:34:38,28-Feb-20,6:34:55
14439,MOUSE3,00784A162400,3,1,0,7,LEFT,28-Feb-20,6:36:22,28-Feb-20,6:36:38
14440,MOUSE3,00784A162400,3,0,0,7,LEFT,28-Feb-20,6:53:47,28-Feb-20,6:54:04
14441,MOUSE3,00784A162400,4,0,0,7,LEFT,28-Feb-20,7:04:00,28-Feb-20,7:04:22
14442,MOUSE3,00784A162400,2,0,0,7,LEFT,28-Feb-20,7:04:43,28-Feb-20,7:04:55
14443,MOUSE3,00784A162400,5,2,0,7,LEFT,28-Feb-20,7:32:29,28-Feb-20,7:32:56
14444,MOUSE3,00784A162400,3,1,3,7,LEFT,28-Feb-20,11:49:05,28-Feb-20,11:49:22
14445,MOUSE3,00784A162400,3,1,3,7,LEFT,28-Feb-20,11:51:44,28-Feb-20,11:52:01
14446,MOUSE3,00784A162400,3,1,3,7,LEFT,28-Feb-20,11:55:24,28-Feb-20,11:55:41
14447,MOUSE3,00784A162400,2,0,3,7,LEFT,28-Feb-20,12:04:22,28-Feb-20,12:04:33
14448,MOUSE3,00784A162400,10,6,3,7,LEFT,28-Feb-20,12:08:54,28-Feb-20,12:09:47
14449,MOUSE3,00784A162400,12,9,3,7,LEFT,28-Feb-20,12:12:45,28-Feb-20,12:13:49
14450,MOUSE3,00784A162400,4,2,3,7,LEFT,28-Feb-20,12:16:27,28-Feb-20,12:16:49
14451,MOUSE3,00784A162400,4,1,3,7,LEFT,28-Feb-20,12:29:22,28-Feb-20,12:29:44
14452,MOUSE3,00784A162400,9,7,3,7,LEFT,28-Feb-20,12:33:22,28-Feb-20,12:34:10
14453,MOUSE3,00784A162400,4,2,3,7,LEFT,28-Feb-20,12:35:29,28-Feb-20,12:35:51
14454,MOUSE3,00784A162400,10,5,3,7,LEFT,28-Feb-20,12:56:55,28-Feb-20,12:57:49
14455,MOUSE3,00784A162400,3,1,3,7,LEFT,28-Feb-20,13:02:45,28-Feb-20,13:03:02
14456,MOUSE3,00784A162400,6,0,3,7,LEFT,28-Feb-20,13:42:24,28-Feb-20,13:42:57
14457,MOUSE3,00784A162400,14,9,3,7,LEFT,28-Feb-20,14:16:34,28-Feb-20,14:17:48
14458,MOUSE3,00784A162400,4,1,3,7,LEFT,28-Feb-20,14:19:58,28-Feb-20,14:20:20
14459,MOUSE3,00784A162400,4,2,3,7,LEFT,28-Feb-20,16:31:15,28-Feb-20,16:31:37
14460,MOUSE3,00784A162400,5,3,3,7,LEFT,28-Feb-20,19:08:11,28-Feb-20,19:08:38
14461,MOUSE3,00784A162400,3,0,3,7,LEFT,28-Feb-20,19:24:58,28-Feb-20,19:25:15
14462,MOUSE3,00784A162400,20,7,3,7,LEFT,28-Feb-20,19:31:37,28-Feb-20,19:33:23
14463,MOUSE3,00784A162400,2,0,3,7,LEFT,28-Feb-20,19:35:06,28-Feb-20,19:35:18
14464,MOUSE3,00784A162400,8,5,3,7,LEFT,28-Feb-20,19:35:20,28-Feb-20,19:36:03
14465,MOUSE3,00784A162400,9,2,3,7,LEFT,28-Feb-20,19:40:03,28-Feb-20,19:40:51
14466,MOUSE3,00784A162400,4,2,3,7,LEFT,28-Feb-20,19:41:28,28-Feb-20,19:41:50
14467,MOUSE3,00784A162400,12,7,3,7,LEFT,28-Feb-20,19:41:54,28-Feb-20,19:42:58
14468,MOUSE3,00784A162400,4,2,3,7,LEFT,28-Feb-20,19:49:13,28-Feb-20,19:49:36
14469,MOUSE3,00784A162400,5,2,3,7,LEFT,28-Feb-20,19:51:30,28-Feb-20,19:51:58
14470,MOUSE3,00784A162400,7,5,3,7,LEFT,28-Feb-20,19:54:57,28-Feb-20,19:55:35
14471,MOUSE3,00784A162400,19,10,3,7,LEFT,28-Feb-20,19:56:25,28-Feb-20,19:58:06
14472,MOUSE3,00784A162400,4,0,3,7,LEFT,28-Feb-20,20:01:37,28-Feb-20,20:01:59
14473,MOUSE3,00784A162400,9,7,3,7,LEFT,28-Feb-20,20:02:12,28-Feb-20,20:03:00
14474,MOUSE3,00784A162400,30,21,3,7,LEFT,28-Feb-20,20:03:18,28-Feb-20,20:05:56
14475,MOUSE3,00784A162400,2,0,3,7,LEFT,28-Feb-20,20:07:48,28-Feb-20,20:08:00
14476,MOUSE3,00784A162400,13,11,3,7,LEFT,28-Feb-20,20:08:05,28-Feb-20,20:09:14
14477,MOUSE3,00784A162400,15,10,3,7,LEFT,28-Feb-20,20:11:23,28-Feb-20,20:12:42
14478,MOUSE3,00784A162400,26,21,3,7,LEFT,28-Feb-20,20:13:18,28-Feb-20,20:15:35
14479,MOUSE3,00784A162400,11,1,3,7,LEFT,28-Feb-20,20:17:46,28-Feb-20,20:18:45
14480,MOUSE3,00784A162400,10,3,3,7,LEFT,28-Feb-20,20:19:06,28-Feb-20,20:19:59
14481,MOUSE3,00784A162400,8,5,3,7,LEFT,28-Feb-20,20:20:01,28-Feb-20,20:20:44
14482,MOUSE3,00784A162400,46,14,3,7,LEFT,28-Feb-20,20:22:04,28-Feb-20,20:26:06
14483,MOUSE3,00784A162400,54,27,3,7,LEFT,28-Feb-20,20:28:51,28-Feb-20,20:33:35
14484,MOUSE3,00784A162400,32,5,3,7,LEFT,28-Feb-20,20:36:13,28-Feb-20,20:39:02
14485,MOUSE3,00784A162400,26,7,3,7,LEFT,28-Feb-20,21:36:40,28-Feb-20,21:38:57
14486,MOUSE3,00784A162400,34,10,3,7,LEFT,28-Feb-20,21:47:33,28-Feb-20,21:50:32
14487,MOUSE3,00784A162400,24,13,3,7,LEFT,28-Feb-20,21:51:23,28-Feb-20,21:53:30
14488,MOUSE3,00784A162400,20,2,3,7,LEFT,28-Feb-20,21:54:00,28-Feb-20,21:55:46
14489,MOUSE3,00784A162400,12,6,3,7,LEFT,28-Feb-20,21:57:17,28-Feb-20,21:58:21
14490,MOUSE3,00784A162400,25,6,3,7,LEFT,28-Feb-20,22:00:03,28-Feb-20,22:02:15
14491,MOUSE3,00784A162400,12,5,3,7,LEFT,28-Feb-20,22:02:33,28-Feb-20,22:03:37
14492,MOUSE3,00784A162400,15,2,3,7,LEFT,28-Feb-20,22:03:46,28-Feb-20,22:05:06
14493,MOUSE3,00784A162400,2,1,3,7,LEFT,28-Feb-20,22:06:06,28-Feb-20,22:06:18
14494,MOUSE3,00784A162400,12,3,3,7,LEFT,28-Feb-20,22:10:04,28-Feb-20,22:11:08
14495,MOUSE3,00784A162400,45,20,3,7,LEFT,28-Feb-20,22:11:25,28-Feb-20,22:15:22
14496,MOUSE3,00784A162400,28,11,3,7,LEFT,28-Feb-20,22:17:08,28-Feb-20,22:19:36
14497,MOUSE3,00784A162400,2,0,3,7,LEFT,28-Feb-20,22:20:16,28-Feb-20,22:20:28
14498,MOUSE3,00784A162400,13,10,3,7,LEFT,28-Feb-20,22:21:21,28-Feb-20,22:22:30
14499,MOUSE3,00784A162400,25,8,3,7,LEFT,28-Feb-20,22:26:58,28-Feb-20,22:29:11
14500,MOUSE3,00784A162400,2,0,3,7,LEFT,28-Feb-20,22:29:37,28-Feb-20,22:29:49
14501,MOUSE3,00784A162400,22,7,3,7,LEFT,28-Feb-20,22:30:10,28-Feb-20,22:32:07
14502,MOUSE3,00784A162400,14,6,3,7,LEFT,28-Feb-20,22:32:30,28-Feb-20,22:33:45
14503,MOUSE3,00784A162400,14,6,3,7,LEFT,28-Feb-20,22:35:53,28-Feb-20,22:37:07
14504,MOUSE3,00784A162400,22,10,3,7,LEFT,28-Feb-20,22:38:13,28-Feb-20,22:40:09
14505,MOUSE3,00784A162400,19,9,3,7,LEFT,28-Feb-20,22:42:33,28-Feb-20,22:44:14
14506,MOUSE3,00784A162400,26,11,3,7,LEFT,28-Feb-20,22:45:13,28-Feb-20,22:47:30
14507,MOUSE3,00784A162400,21,11,3,7,LEFT,28-Feb-20,22:48:41,28-Feb-20,22:50:32
14508,MOUSE3,00784A162400,8,2,3,7,LEFT,28-Feb-20,22:50:39,28-Feb-20,22:51:22
14509,MOUSE3,00784A162400,22,11,3,7,LEFT,28-Feb-20,22:52:12,28-Feb-20,22:54:08
14510,MOUSE3,00784A162400,10,4,3,7,LEFT,28-Feb-20,22:55:46,28-Feb-20,22:56:39
14511,MOUSE3,00784A162400,12,8,3,7,LEFT,28-Feb-20,22:56:46,28-Feb-20,22:57:50
14512,MOUSE3,00784A162400,40,19,3,7,LEFT,28-Feb-20,23:07:25,28-Feb-20,23:10:56
14513,MOUSE3,00784A162400,13,3,3,7,LEFT,28-Feb-20,23:12:21,28-Feb-20,23:13:31
14514,MOUSE3,00784A162400,23,9,3,7,LEFT,28-Feb-20,23:15:49,28-Feb-20,23:17:51
14515,MOUSE3,00784A162400,24,6,3,7,LEFT,28-Feb-20,23:18:27,28-Feb-20,23:20:33
14516,MOUSE3,00784A162400,2,0,3,7,LEFT,28-Feb-20,23:23:25,28-Feb-20,23:23:36
14517,MOUSE3,00784A162400,3,1,3,7,LEFT,28-Feb-20,23:26:52,28-Feb-20,23:27:09
14518,MOUSE3,00784A162400,8,5,3,7,LEFT,28-Feb-20,23:29:27,28-Feb-20,23:30:10
14519,MOUSE3,00784A162400,15,6,3,7,LEFT,28-Feb-20,23:32:04,28-Feb-20,23:33:24
14520,MOUSE3,00784A162400,2,0,3,7,LEFT,28-Feb-20,23:38:20,28-Feb-20,23:38:32
14521,MOUSE3,00784A162400,12,2,3,7,LEFT,28-Feb-20,23:38:50,28-Feb-20,23:39:54
14522,MOUSE3,00784A162400,25,12,3,7,LEFT,28-Feb-20,23:42:12,28-Feb-20,23:44:24
14523,MOUSE3,00784A162400,8,2,3,7,LEFT,28-Feb-20,23:44:48,28-Feb-20,23:45:31
14524,MOUSE3,00784A162400,24,11,3,7,LEFT,28-Feb-20,23:47:05,28-Feb-20,23:49:12
14525,MOUSE3,00784A162400,6,2,3,7,LEFT,28-Feb-20,23:51:57,28-Feb-20,23:52:29
14526,MOUSE3,00784A162400,14,6,3,7,LEFT,28-Feb-20,23:54:19,28-Feb-20,23:55:34
14527,MOUSE3,00784A162400,16,6,3,7,LEFT,28-Feb-20,23:57:56,28-Feb-20,23:59:21
14528,MOUSE3,00784A162400,17,7,3,7,LEFT,29-Feb-20,0:02:45,29-Feb-20,0:04:16
14529,MOUSE3,00784A162400,2,0,3,7,LEFT,29-Feb-20,0:05:51,29-Feb-20,0:06:02
14530,MOUSE3,00784A162400,15,6,3,7,LEFT,29-Feb-20,0:10:33,29-Feb-20,0:11:53
14531,MOUSE3,00784A162400,10,7,3,7,LEFT,29-Feb-20,0:12:44,29-Feb-20,0:13:37
14532,MOUSE3,00784A162400,14,5,3,7,LEFT,29-Feb-20,0:14:29,29-Feb-20,0:15:43
14533,MOUSE3,00784A162400,28,9,3,7,LEFT,29-Feb-20,0:17:30,29-Feb-20,0:19:58
14534,MOUSE3,00784A162400,11,7,3,7,LEFT,29-Feb-20,0:20:14,29-Feb-20,0:21:12
14535,MOUSE3,00784A162400,16,7,3,7,LEFT,29-Feb-20,0:31:03,29-Feb-20,0:32:28
14536,MOUSE3,00784A162400,13,9,3,7,LEFT,29-Feb-20,0:33:40,29-Feb-20,0:34:50
14537,MOUSE3,00784A162400,17,5,3,7,LEFT,29-Feb-20,0:38:58,29-Feb-20,0:40:29
14538,MOUSE3,00784A162400,2,0,3,7,LEFT,29-Feb-20,0:42:57,29-Feb-20,0:43:08
14539,MOUSE3,00784A162400,2,0,3,7,LEFT,29-Feb-20,0:50:32,29-Feb-20,0:50:43
14540,MOUSE3,00784A162400,2,0,3,7,LEFT,29-Feb-20,0:51:55,29-Feb-20,0:52:07
14541,MOUSE3,00784A162400,6,4,3,7,LEFT,29-Feb-20,0:52:47,29-Feb-20,0:53:19
14542,MOUSE3,00784A162400,13,4,3,7,LEFT,29-Feb-20,0:58:52,29-Feb-20,1:00:02
14543,MOUSE3,00784A162400,7,2,3,7,LEFT,29-Feb-20,1:00:09,29-Feb-20,1:00:47
14544,MOUSE3,00784A162400,20,4,3,7,LEFT,29-Feb-20,1:08:09,29-Feb-20,1:09:55
14545,MOUSE3,00784A162400,27,12,3,7,LEFT,29-Feb-20,1:11:49,29-Feb-20,1:14:12
14546,MOUSE3,00784A162400,22,7,3,7,LEFT,29-Feb-20,1:21:49,29-Feb-20,1:23:46
14547,MOUSE3,00784A162400,18,10,3,7,LEFT,29-Feb-20,1:30:30,29-Feb-20,1:32:05
14548,MOUSE3,00784A162400,49,20,3,7,LEFT,29-Feb-20,5:04:33,29-Feb-20,5:08:51
14549,MOUSE3,00784A162400,26,7,3,7,LEFT,29-Feb-20,5:11:24,29-Feb-20,5:13:42
14550,MOUSE3,00784A162400,67,21,3,7,LEFT,29-Feb-20,5:14:31,29-Feb-20,5:20:23
14551,MOUSE3,00784A162400,41,12,3,7,LEFT,29-Feb-20,5:25:35,29-Feb-20,5:29:11
14552,MOUSE3,00784A162400,2,0,3,7,LEFT,29-Feb-20,5:30:14,29-Feb-20,5:30:25
14553,MOUSE3,00784A162400,45,22,3,7,LEFT,29-Feb-20,5:30:52,29-Feb-20,5:34:49
14554,MOUSE3,00784A162400,42,10,3,7,LEFT,29-Feb-20,5:40:07,29-Feb-20,5:43:48
14555,MOUSE3,00784A162400,16,3,3,7,LEFT,29-Feb-20,5:48:34,29-Feb-20,5:49:59
14556,MOUSE3,00784A162400,10,2,3,7,LEFT,29-Feb-20,5:53:07,29-Feb-20,5:54:00
14557,MOUSE3,00784A162400,42,20,3,7,LEFT,29-Feb-20,6:00:40,29-Feb-20,6:04:21
14558,MOUSE3,00784A162400,2,0,3,7,LEFT,29-Feb-20,6:08:56,29-Feb-20,6:09:08
14559,MOUSE3,00784A162400,2,0,3,7,LEFT,29-Feb-20,6:12:51,29-Feb-20,6:13:03
14560,MOUSE3,00784A162400,52,18,3,7,LEFT,29-Feb-20,6:19:23,29-Feb-20,6:23:57
14561,MOUSE3,00784A162400,22,5,3,7,LEFT,29-Feb-20,6:27:08,29-Feb-20,6:29:04
14562,MOUSE3,00784A162400,21,12,3,7,LEFT,29-Feb-20,6:39:48,29-Feb-20,6:41:39
14563,MOUSE3,00784A162400,2,0,3,7,LEFT,29-Feb-20,6:45:05,29-Feb-20,6:45:17
14564,MOUSE3,00784A162400,2,0,3,7,LEFT,29-Feb-20,6:53:54,29-Feb-20,6:54:06
14565,MOUSE3,00784A162400,7,2,3,7,LEFT,29-Feb-20,10:16:17,29-Feb-20,10:16:55
14566,MOUSE3,00784A162400,24,15,3,7,LEFT,29-Feb-20,10:30:35,29-Feb-20,10:32:42
14567,MOUSE3,00784A162400,5,2,6,7,LEFT,29-Feb-20,11:31:19,29-Feb-20,11:31:47
14568,MOUSE3,00784A162400,2,0,6,7,LEFT,29-Feb-20,11:33:26,29-Feb-20,11:33:38
14569,MOUSE3,00784A162400,4,1,6,7,LEFT,29-Feb-20,11:38:06,29-Feb-20,11:38:28
14570,MOUSE3,00784A162400,2,0,6,7,LEFT,29-Feb-20,16:50:11,29-Feb-20,16:50:23
14571,MOUSE3,00784A162400,4,2,6,7,LEFT,29-Feb-20,16:54:54,29-Feb-20,16:55:16
14572,MOUSE3,00784A162400,4,2,6,7,LEFT,29-Feb-20,17:02:39,29-Feb-20,17:03:01
14573,MOUSE3,00784A162400,8,4,6,7,LEFT,29-Feb-20,17:24:27,29-Feb-20,17:25:10
14574,MOUSE3,00784A162400,2,0,6,7,LEFT,29-Feb-20,17:32:32,29-Feb-20,17:32:44
14575,MOUSE3,00784A162400,2,0,6,7,LEFT,29-Feb-20,17:38:46,29-Feb-20,17:38:57
14576,MOUSE3,00784A162400,8,6,6,7,LEFT,29-Feb-20,20:01:12,29-Feb-20,20:01:55
14577,MOUSE3,00784A162400,5,3,6,7,LEFT,29-Feb-20,20:33:31,29-Feb-20,20:33:59
14578,MOUSE3,00784A162400,3,1,6,7,LEFT,29-Feb-20,21:13:18,29-Feb-20,21:13:34
14579,MOUSE3,00784A162400,13,7,6,7,LEFT,29-Feb-20,21:13:56,29-Feb-20,21:15:05
14580,MOUSE3,00784A162400,9,6,6,7,LEFT,29-Feb-20,21:18:20,29-Feb-20,21:19:09
14581,MOUSE3,00784A162400,23,18,6,7,LEFT,29-Feb-20,21:20:23,29-Feb-20,21:22:24
14582,MOUSE3,00784A162400,3,1,6,7,LEFT,29-Feb-20,21:54:10,29-Feb-20,21:54:27
14583,MOUSE3,00784A162400,11,8,6,7,LEFT,29-Feb-20,22:49:49,29-Feb-20,22:50:48
14584,MOUSE3,00784A162400,16,12,6,7,LEFT,29-Feb-20,22:51:55,29-Feb-20,22:53:20
14585,MOUSE3,00784A162400,16,9,6,7,LEFT,29-Feb-20,22:53:51,29-Feb-20,22:55:16
14586,MOUSE3,00784A162400,28,15,6,7,LEFT,29-Feb-20,23:04:49,29-Feb-20,23:07:17
14587,MOUSE3,00784A162400,35,23,6,7,LEFT,29-Feb-20,23:19:10,29-Feb-20,23:22:14
14588,MOUSE3,00784A162400,13,5,6,7,LEFT,29-Feb-20,23:24:35,29-Feb-20,23:25:44
14589,MOUSE3,00784A162400,4,2,6,7,LEFT,29-Feb-20,23:35:30,29-Feb-20,23:35:52
14590,MOUSE3,00784A162400,19,10,6,7,LEFT,29-Feb-20,23:37:10,29-Feb-20,23:38:50
14591,MOUSE3,00784A162400,7,5,6,7,LEFT,29-Feb-20,23:52:42,29-Feb-20,23:53:19
14592,MOUSE3,00784A162400,4,2,6,7,LEFT,01-Mar-20,0:00:02,01-Mar-20,0:00:24
14593,MOUSE3,00784A162400,4,0,6,7,LEFT,01-Mar-20,0:14:17,01-Mar-20,0:14:39
14594,MOUSE3,00784A162400,3,1,6,7,LEFT,01-Mar-20,0:33:16,01-Mar-20,0:33:33
14595,MOUSE3,00784A162400,3,1,6,7,LEFT,01-Mar-20,0:51:30,01-Mar-20,0:51:46
14596,MOUSE3,00784A162400,3,1,6,7,LEFT,01-Mar-20,3:05:01,01-Mar-20,3:05:18
14597,MOUSE3,00784A162400,4,2,6,7,LEFT,01-Mar-20,3:12:00,01-Mar-20,3:12:22
14598,MOUSE3,00784A162400,34,28,6,7,LEFT,01-Mar-20,3:12:41,01-Mar-20,3:15:40
14599,MOUSE3,00784A162400,3,1,6,7,LEFT,01-Mar-20,3:17:54,01-Mar-20,3:18:11
14600,MOUSE3,00784A162400,5,2,6,7,LEFT,01-Mar-20,3:28:41,01-Mar-20,3:29:08
14601,MOUSE3,00784A162400,19,13,6,7,LEFT,01-Mar-20,3:29:44,01-Mar-20,3:31:24
14602,MOUSE3,00784A162400,5,3,6,7,LEFT,01-Mar-20,3:41:07,01-Mar-20,3:41:35
14603,MOUSE3,00784A162400,7,4,6,7,LEFT,01-Mar-20,3:42:37,01-Mar-20,3:43:15
14604,MOUSE3,00784A162400,9,4,6,7,LEFT,01-Mar-20,3:55:06,01-Mar-20,3:55:54
14605,MOUSE3,00784A162400,3,1,6,7,LEFT,01-Mar-20,3:58:19,01-Mar-20,3:58:36
14606,MOUSE3,00784A162400,4,2,6,7,LEFT,01-Mar-20,5:20:27,01-Mar-20,5:20:50
14607,MOUSE3,00784A162400,4,2,6,7,LEFT,01-Mar-20,5:32:27,01-Mar-20,5:32:49
14608,MOUSE3,00784A162400,3,2,6,7,LEFT,01-Mar-20,6:30:06,01-Mar-20,6:30:23
14609,MOUSE3,00784A162400,3,1,6,7,LEFT,01-Mar-20,8:28:15,01-Mar-20,8:28:31
14610,MOUSE3,00784A162400,3,1,6,7,LEFT,01-Mar-20,8:50:05,01-Mar-20,8:50:22
14611,MOUSE3,00784A162400,3,1,6,7,LEFT,01-Mar-20,8:57:07,01-Mar-20,8:57:24
14612,MOUSE3,00784A162400,2,0,6,7,LEFT,01-Mar-20,9:06:18,01-Mar-20,9:06:30
14613,MOUSE3,00784A162400,2,0,6,7,LEFT,01-Mar-20,9:15:48,01-Mar-20,9:15:59
14614,MOUSE3,00784A162400,5,1,6,7,LEFT,01-Mar-20,9:17:18,01-Mar-20,9:17:46
14615,MOUSE3,00784A162400,2,0,6,7,LEFT,01-Mar-20,9:18:56,01-Mar-20,9:19:07
14616,MOUSE3,00784A162400,4,2,6,7,LEFT,01-Mar-20,11:21:48,01-Mar-20,11:22:10
14617,MOUSE3,00784A162400,14,11,6,7,LEFT,01-Mar-20,11:29:14,01-Mar-20,11:30:28
14618,MOUSE3,00784A162400,6,4,6,7,LEFT,01-Mar-20,11:31:58,01-Mar-20,11:32:31
14619,MOUSE3,00784A162400,8,5,6,7,LEFT,01-Mar-20,11:34:11,01-Mar-20,11:34:54
14620,MOUSE3,00784A162400,5,3,6,7,LEFT,01-Mar-20,11:41:11,01-Mar-20,11:41:38
14621,MOUSE3,00784A162400,6,2,6,7,LEFT,01-Mar-20,11:49:10,01-Mar-20,11:49:42
14622,MOUSE3,00784A162400,6,3,6,7,LEFT,01-Mar-20,11:53:43,01-Mar-20,11:54:16
14623,MOUSE3,00784A162400,20,18,6,7,LEFT,01-Mar-20,11:54:51,01-Mar-20,11:56:37
14624,MOUSE3,00784A162400,8,6,6,7,LEFT,01-Mar-20,11:58:00,01-Mar-20,11:58:43
14625,MOUSE3,00784A162400,2,0,6,7,LEFT,01-Mar-20,12:05:36,01-Mar-20,12:05:47
14626,MOUSE3,00784A162400,6,4,6,7,LEFT,01-Mar-20,16:36:37,01-Mar-20,16:37:10
14627,MOUSE3,00784A162400,5,2,6,7,LEFT,01-Mar-20,16:44:13,01-Mar-20,16:44:40
14628,MOUSE3,00784A162400,2,0,6,7,LEFT,01-Mar-20,16:48:14,01-Mar-20,16:48:26
14629,MOUSE3,00784A162400,3,0,6,7,LEFT,01-Mar-20,16:56:42,01-Mar-20,16:56:59
14630,MOUSE3,00784A162400,2,0,6,7,LEFT,01-Mar-20,19:15:37,01-Mar-20,19:15:48
14631,MOUSE3,00784A162400,2,0,6,7,LEFT,01-Mar-20,19:29:29,01-Mar-20,19:29:41
14632,MOUSE3,00784A162400,4,2,6,7,LEFT,01-Mar-20,19:36:45,01-Mar-20,19:37:08
14633,MOUSE3,00784A162400,4,2,6,7,LEFT,01-Mar-20,19:44:52,01-Mar-20,19:45:14
14634,MOUSE3,00784A162400,19,16,6,7,LEFT,01-Mar-20,19:45:19,01-Mar-20,19:47:00
14635,MOUSE3,00784A162400,2,0,6,7,LEFT,01-Mar-20,21:14:58,01-Mar-20,21:15:10
14636,MOUSE3,00784A162400,2,0,6,7,LEFT,01-Mar-20,21:28:10,01-Mar-20,21:28:22
14637,MOUSE3,00784A162400,5,2,6,7,LEFT,01-Mar-20,21:36:07,01-Mar-20,21:36:34
14638,MOUSE3,00784A162400,13,9,6,7,LEFT,01-Mar-20,21:36:43,01-Mar-20,21:37:52
14639,MOUSE3,00784A162400,3,1,6,7,LEFT,01-Mar-20,21:38:24,01-Mar-20,21:38:41
14640,MOUSE3,00784A162400,18,12,6,7,LEFT,01-Mar-20,21:38:51,01-Mar-20,21:40:27
14641,MOUSE3,00784A162400,13,4,6,7,LEFT,01-Mar-20,21:58:28,01-Mar-20,21:59:38
14642,MOUSE3,00784A162400,20,9,6,7,LEFT,01-Mar-20,22:01:11,01-Mar-20,22:02:56
14643,MOUSE3,00784A162400,8,6,6,7,LEFT,01-Mar-20,22:16:29,01-Mar-20,22:17:12
14644,MOUSE3,00784A162400,5,1,6,7,LEFT,01-Mar-20,22:33:01,01-Mar-20,22:33:29
14645,MOUSE3,00784A162400,2,1,6,7,LEFT,01-Mar-20,23:20:16,01-Mar-20,23:20:28
14646,MOUSE3,00784A162400,5,2,6,7,LEFT,01-Mar-20,23:26:12,01-Mar-20,23:26:39
14647,MOUSE3,00784A162400,32,15,6,7,LEFT,01-Mar-20,23:28:37,01-Mar-20,23:31:26
14648,MOUSE3,00784A162400,35,17,6,7,LEFT,01-Mar-20,23:33:26,01-Mar-20,23:36:30
14649,MOUSE3,00784A162400,43,13,6,7,LEFT,01-Mar-20,23:40:39,01-Mar-20,23:44:25
14650,MOUSE3,00784A162400,30,7,6,7,LEFT,01-Mar-20,23:45:12,01-Mar-20,23:47:50
14651,MOUSE3,00784A162400,3,0,6,7,LEFT,01-Mar-20,23:49:29,01-Mar-20,23:49:46
14652,MOUSE3,00784A162400,2,0,6,7,LEFT,01-Mar-20,23:52:30,01-Mar-20,23:52:42
14653,MOUSE3,00784A162400,70,20,6,7,LEFT,01-Mar-20,23:56:02,02-Mar-20,0:02:10
14654,MOUSE3,00784A162400,39,9,6,7,LEFT,02-Mar-20,0:05:17,02-Mar-20,0:08:42
14655,MOUSE3,00784A162400,4,1,6,7,LEFT,02-Mar-20,0:10:30,02-Mar-20,0:10:52
14656,MOUSE3,00784A162400,28,8,6,7,LEFT,02-Mar-20,0:12:29,02-Mar-20,0:14:57
14657,MOUSE3,00784A162400,39,14,6,7,LEFT,02-Mar-20,0:15:44,02-Mar-20,0:19:09
14658,MOUSE3,00784A162400,2,0,6,7,LEFT,02-Mar-20,0:29:30,02-Mar-20,0:29:41
14659,MOUSE3,00784A162400,42,9,6,7,LEFT,02-Mar-20,0:29:43,02-Mar-20,0:33:24
14660,MOUSE3,00784A162400,6,2,6,7,LEFT,02-Mar-20,0:39:28,02-Mar-20,0:40:00
14661,MOUSE3,00784A162400,6,1,6,7,LEFT,02-Mar-20,0:40:03,02-Mar-20,0:40:36
14662,MOUSE3,00784A162400,32,9,6,7,LEFT,02-Mar-20,0:41:11,02-Mar-20,0:44:00
14663,MOUSE3,00784A162400,36,7,6,7,LEFT,02-Mar-20,0:46:08,02-Mar-20,0:49:18
14664,MOUSE3,00784A162400,13,3,6,7,LEFT,02-Mar-20,0:52:32,02-Mar-20,0:53:42
14665,MOUSE3,00784A162400,2,0,6,7,LEFT,02-Mar-20,1:00:04,02-Mar-20,1:00:16
14666,MOUSE3,00784A162400,4,1,6,7,LEFT,02-Mar-20,1:01:49,02-Mar-20,1:02:11
14667,MOUSE3,00784A162400,19,4,6,7,LEFT,02-Mar-20,1:02:26,02-Mar-20,1:04:06
14668,MOUSE3,00784A162400,3,0,6,7,LEFT,02-Mar-20,1:05:22,02-Mar-20,1:05:39
14669,MOUSE3,00784A162400,2,0,6,7,LEFT,02-Mar-20,1:06:30,02-Mar-20,1:06:41
14670,MOUSE3,00784A162400,2,0,6,7,LEFT,02-Mar-20,1:08:11,02-Mar-20,1:08:23
14671,MOUSE3,00784A162400,2,0,6,7,LEFT,02-Mar-20,1:14:01,02-Mar-20,1:14:13
14672,MOUSE3,00784A162400,21,4,6,7,LEFT,02-Mar-20,1:14:15,02-Mar-20,1:16:06
14673,MOUSE3,00784A162400,5,2,6,7,LEFT,02-Mar-20,1:21:51,02-Mar-20,1:22:19
14674,MOUSE3,00784A162400,4,0,6,7,LEFT,02-Mar-20,1:25:32,02-Mar-20,1:25:54
14675,MOUSE3,00784A162400,2,0,6,7,LEFT,02-Mar-20,1:28:45,02-Mar-20,1:28:57
14676,MOUSE3,00784A162400,23,6,6,7,LEFT,02-Mar-20,1:29:19,02-Mar-20,1:31:21
14677,MOUSE3,00784A162400,7,2,6,7,LEFT,02-Mar-20,1:42:38,02-Mar-20,1:43:16
14678,MOUSE3,00784A162400,45,10,6,7,LEFT,02-Mar-20,1:46:48,02-Mar-20,1:50:45
14679,MOUSE3,00784A162400,2,0,6,7,LEFT,02-Mar-20,1:52:05,02-Mar-20,1:52:17
14680,MOUSE3,00784A162400,2,0,6,7,LEFT,02-Mar-20,1:52:19,02-Mar-20,1:52:31
14681,MOUSE3,00784A162400,3,0,6,7,LEFT,02-Mar-20,1:56:17,02-Mar-20,1:56:34
14682,MOUSE3,00784A162400,4,2,6,7,LEFT,02-Mar-20,1:59:07,02-Mar-20,1:59:29
14683,MOUSE3,00784A162400,30,10,6,7,LEFT,02-Mar-20,1:59:34,02-Mar-20,2:02:12
14684,MOUSE3,00784A162400,13,8,6,7,LEFT,02-Mar-20,2:08:41,02-Mar-20,2:09:50
14685,MOUSE3,00784A162400,6,3,6,7,LEFT,02-Mar-20,2:15:40,02-Mar-20,2:16:13
14686,MOUSE3,00784A162400,17,8,6,7,LEFT,02-Mar-20,2:23:09,02-Mar-20,2:24:40
14687,MOUSE3,00784A162400,8,1,6,7,LEFT,02-Mar-20,2:30:32,02-Mar-20,2:31:15
14688,MOUSE3,00784A162400,2,0,6,7,LEFT,02-Mar-20,2:32:31,02-Mar-20,2:32:42
14689,MOUSE3,00784A162400,6,3,6,7,LEFT,02-Mar-20,2:35:52,02-Mar-20,2:36:25
14690,MOUSE3,00784A162400,3,1,6,7,LEFT,02-Mar-20,2:40:12,02-Mar-20,2:40:29
14691,MOUSE3,00784A162400,27,9,6,7,LEFT,02-Mar-20,2:48:08,02-Mar-20,2:50:31
14692,MOUSE3,00784A162400,22,9,6,7,LEFT,02-Mar-20,2:57:03,02-Mar-20,2:58:59
14693,MOUSE3,00784A162400,22,4,6,7,LEFT,02-Mar-20,3:07:30,02-Mar-20,3:09:26
14694,MOUSE3,00784A162400,17,5,6,7,LEFT,02-Mar-20,3:20:50,02-Mar-20,3:22:21
14695,MOUSE3,00784A162400,17,5,6,7,LEFT,02-Mar-20,3:24:01,02-Mar-20,3:25:31
14696,MOUSE3,00784A162400,3,1,6,7,LEFT,02-Mar-20,4:39:04,02-Mar-20,4:39:21
14697,MOUSE3,00784A162400,5,0,6,7,LEFT,02-Mar-20,4:44:22,02-Mar-20,4:44:50
14698,MOUSE3,00784A162400,5,0,6,7,LEFT,02-Mar-20,4:45:22,02-Mar-20,4:45:49
14699,MOUSE3,00784A162400,3,0,6,7,LEFT,02-Mar-20,4:51:34,02-Mar-20,4:51:51
14700,MOUSE3,00784A162400,3,0,6,7,LEFT,02-Mar-20,4:57:22,02-Mar-20,4:57:39
14701,MOUSE3,00784A162400,3,1,6,7,LEFT,02-Mar-20,6:33:11,02-Mar-20,6:33:28
14702,MOUSE3,00784A162400,4,1,6,7,LEFT,02-Mar-20,6:42:23,02-Mar-20,6:42:45
14703,MOUSE3,00784A162400,6,1,6,7,LEFT,02-Mar-20,6:43:49,02-Mar-20,6:44:21
14704,MOUSE3,00784A162400,28,7,6,7,LEFT,02-Mar-20,6:44:51,02-Mar-20,6:47:19
14705,MOUSE3,00784A162400,15,3,6,7,LEFT,02-Mar-20,6:48:16,02-Mar-20,6:49:35
14706,MOUSE3,00784A162400,61,19,6,7,LEFT,02-Mar-20,6:51:00,02-Mar-20,6:56:21
14707,MOUSE3,00784A162400,35,16,6,7,LEFT,02-Mar-20,7:16:42,02-Mar-20,7:19:47
14708,MOUSE3,00784A162400,2,0,9,7,LEFT,02-Mar-20,10:28:33,02-Mar-20,10:28:45
14709,MOUSE3,00784A162400,2,0,9,7,LEFT,02-Mar-20,10:35:02,02-Mar-20,10:35:14
14710,MOUSE3,00784A162400,3,1,9,7,LEFT,02-Mar-20,10:47:20,02-Mar-20,10:47:37
14711,MOUSE3,00784A162400,2,0,9,7,LEFT,02-Mar-2020,19:34:35,02-Mar-2020,19:34:46
14712,MOUSE3,00784A162400,5,2,9,7,LEFT,02-Mar-2020,22:38:46,02-Mar-2020,22:39:14
14713,MOUSE3,00784A162400,4,2,9,7,LEFT,02-Mar-2020,23:19:51,02-Mar-2020,23:20:13
14714,MOUSE3,00784A162400,11,7,9,7,LEFT,02-Mar-2020,23:21:09,02-Mar-2020,23:22:07
14715,MOUSE3,00784A162400,9,5,9,7,LEFT,02-Mar-2020,23:24:19,02-Mar-2020,23:25:08
14716,MOUSE3,00784A162400,12,8,9,7,LEFT,02-Mar-2020,23:26:14,02-Mar-2020,23:27:18
14717,MOUSE3,00784A162400,3,1,9,7,LEFT,02-Mar-2020,23:32:40,02-Mar-2020,23:32:57
14718,MOUSE3,00784A162400,3,1,9,7,LEFT,02-Mar-2020,23:41:08,02-Mar-2020,23:41:25
14719,MOUSE3,00784A162400,5,3,9,7,LEFT,02-Mar-2020,23:41:27,02-Mar-2020,23:41:54
14720,MOUSE3,00784A162400,2,0,9,7,LEFT,02-Mar-2020,23:43:29,02-Mar-2020,23:43:41
14721,MOUSE3,00784A162400,19,8,9,7,LEFT,02-Mar-2020,23:45:51,02-Mar-2020,23:47:31
14722,MOUSE3,00784A162400,2,0,9,7,LEFT,02-Mar-2020,23:52:25,02-Mar-2020,23:52:37
14723,MOUSE3,00784A162400,20,13,9,7,LEFT,02-Mar-2020,23:54:32,02-Mar-2020,23:56:17
14724,MOUSE3,00784A162400,20,12,9,7,LEFT,02-Mar-2020,23:57:55,02-Mar-2020,23:59:41
14725,MOUSE3,00784A162400,3,1,9,7,LEFT,03-Mar-2020,00:13:44,03-Mar-2020,00:14:00
14726,MOUSE3,00784A162400,5,1,9,7,LEFT,03-Mar-2020,00:21:24,03-Mar-2020,00:21:51
14727,MOUSE3,00784A162400,10,7,9,7,LEFT,03-Mar-2020,00:27:10,03-Mar-2020,00:28:03
14728,MOUSE3,00784A162400,5,2,9,7,LEFT,03-Mar-2020,00:55:43,03-Mar-2020,00:56:10
14729,MOUSE3,00784A162400,3,1,9,7,LEFT,03-Mar-2020,00:57:53,03-Mar-2020,00:58:10
14730,MOUSE3,00784A162400,28,15,9,7,LEFT,03-Mar-2020,00:58:13,03-Mar-2020,01:00:41
14731,MOUSE3,00784A162400,18,8,9,7,LEFT,03-Mar-2020,01:05:00,03-Mar-2020,01:06:36
14732,MOUSE3,00784A162400,2,0,9,7,LEFT,03-Mar-2020,01:14:45,03-Mar-2020,01:14:56
14733,MOUSE3,00784A162400,2,0,9,7,LEFT,03-Mar-2020,01:19:59,03-Mar-2020,01:20:10
14734,MOUSE3,00784A162400,3,1,9,7,LEFT,03-Mar-2020,01:32:35,03-Mar-2020,01:32:52
14735,MOUSE3,00784A162400,16,7,9,7,LEFT,03-Mar-2020,01:35:00,03-Mar-2020,01:36:25
14736,MOUSE3,00784A162400,10,3,9,7,LEFT,03-Mar-2020,01:42:37,03-Mar-2020,01:43:31
14737,MOUSE3,00784A162400,19,7,9,7,LEFT,03-Mar-2020,01:51:51,03-Mar-2020,01:53:32
14738,MOUSE3,00784A162400,11,2,9,7,LEFT,03-Mar-2020,01:54:00,03-Mar-2020,01:54:59
14739,MOUSE3,00784A162400,3,0,9,7,LEFT,03-Mar-2020,02:03:06,03-Mar-2020,02:03:23
14740,MOUSE3,00784A162400,20,7,9,7,LEFT,03-Mar-2020,02:03:50,03-Mar-2020,02:05:36
14741,MOUSE3,00784A162400,4,1,9,7,LEFT,03-Mar-2020,02:27:50,03-Mar-2020,02:28:12
14742,MOUSE3,00784A162400,4,1,9,7,LEFT,03-Mar-2020,02:31:40,03-Mar-2020,02:32:02
14743,MOUSE3,00784A162400,25,13,9,7,LEFT,03-Mar-2020,02:32:06,03-Mar-2020,02:34:18
14744,MOUSE3,00784A162400,6,3,9,7,LEFT,03-Mar-2020,02:47:46,03-Mar-2020,02:48:18
14745,MOUSE3,00784A162400,2,0,9,7,LEFT,03-Mar-2020,02:56:11,03-Mar-2020,02:56:23
14746,MOUSE3,00784A162400,11,6,9,7,LEFT,03-Mar-2020,02:57:14,03-Mar-2020,02:58:13
14747,MOUSE3,00784A162400,5,2,9,7,LEFT,03-Mar-2020,03:08:59,03-Mar-2020,03:09:26
14748,MOUSE3,00784A162400,3,1,9,7,LEFT,03-Mar-2020,03:14:03,03-Mar-2020,03:14:20
14749,MOUSE3,00784A162400,7,2,9,7,LEFT,03-Mar-2020,03:22:04,03-Mar-2020,03:22:42
14750,MOUSE3,00784A162400,11,5,9,7,LEFT,03-Mar-2020,03:23:33,03-Mar-2020,03:24:32
14751,MOUSE3,00784A162400,18,6,9,7,LEFT,03-Mar-2020,03:25:39,03-Mar-2020,03:27:15
14752,MOUSE3,00784A162400,2,0,9,7,LEFT,03-Mar-2020,03:29:16,03-Mar-2020,03:29:27
14753,MOUSE3,00784A162400,3,1,9,7,LEFT,03-Mar-2020,03:45:50,03-Mar-2020,03:46:07
14754,MOUSE3,00784A162400,3,0,9,7,LEFT,03-Mar-2020,03:47:12,03-Mar-2020,03:47:29
14755,MOUSE3,00784A162400,3,1,9,7,LEFT,03-Mar-2020,03:57:31,03-Mar-2020,03:57:48
14756,MOUSE3,00784A162400,26,15,9,7,LEFT,03-Mar-2020,03:58:20,03-Mar-2020,04:00:37
14757,MOUSE3,00784A162400,21,14,9,7,LEFT,03-Mar-2020,04:01:41,03-Mar-2020,04:03:32
14758,MOUSE3,00784A162400,2,0,9,7,LEFT,03-Mar-2020,04:32:22,03-Mar-2020,04:32:34
14759,MOUSE3,00784A162400,2,0,9,7,LEFT,03-Mar-2020,04:34:41,03-Mar-2020,04:34:52
14760,MOUSE3,00784A162400,2,0,9,7,LEFT,03-Mar-2020,04:37:08,03-Mar-2020,04:37:20
14761,MOUSE3,00784A162400,2,0,9,7,LEFT,03-Mar-2020,04:51:42,03-Mar-2020,04:51:53
14762,MOUSE3,00784A162400,2,0,9,7,LEFT,03-Mar-2020,05:05:57,03-Mar-2020,05:06:09
14763,MOUSE3,00784A162400,3,1,9,7,LEFT,03-Mar-2020,05:28:24,03-Mar-2020,05:28:41
14764,MOUSE3,00784A162400,3,1,9,7,LEFT,03-Mar-2020,11:11:16,03-Mar-2020,11:11:33
14765,MOUSE3,00784A162400,2,0,9,7,LEFT,03-Mar-2020,13:12:54,03-Mar-2020,13:13:06
14766,MOUSE3,00784A162400,2,0,9,7,LEFT,03-Mar-2020,19:00:40,03-Mar-2020,19:00:51
14767,MOUSE3,00784A162400,6,3,9,7,LEFT,03-Mar-2020,21:48:47,03-Mar-2020,21:49:20
14768,MOUSE3,00784A162400,3,1,9,7,LEFT,03-Mar-2020,21:50:54,03-Mar-2020,21:51:11
14769,MOUSE3,00784A162400,4,2,9,7,LEFT,03-Mar-2020,22:23:18,03-Mar-2020,22:23:40
14770,MOUSE3,00784A162400,3,1,9,7,LEFT,03-Mar-2020,22:24:18,03-Mar-2020,22:24:34
14771,MOUSE3,00784A162400,4,1,9,7,LEFT,03-Mar-2020,22:31:01,03-Mar-2020,22:31:23
14772,MOUSE3,00784A162400,13,10,9,7,LEFT,03-Mar-2020,22:51:33,03-Mar-2020,22:52:43
14773,MOUSE3,00784A162400,14,11,9,7,LEFT,03-Mar-2020,22:58:25,03-Mar-2020,22:59:40
14774,MOUSE3,00784A162400,5,3,9,7,LEFT,03-Mar-2020,23:00:42,03-Mar-2020,23:01:09
14775,MOUSE3,00784A162400,15,5,9,7,LEFT,03-Mar-2020,23:10:47,03-Mar-2020,23:12:07
14776,MOUSE3,00784A162400,7,4,9,7,LEFT,03-Mar-2020,23:14:33,03-Mar-2020,23:15:11
14777,MOUSE3,00784A162400,4,2,9,7,LEFT,03-Mar-2020,23:22:44,03-Mar-2020,23:23:06
14778,MOUSE3,00784A162400,3,1,9,7,LEFT,03-Mar-2020,23:34:45,03-Mar-2020,23:35:02
14779,MOUSE3,00784A162400,11,3,9,7,LEFT,03-Mar-2020,23:39:56,03-Mar-2020,23:40:55
14780,MOUSE3,00784A162400,3,0,9,7,LEFT,03-Mar-2020,23:48:03,03-Mar-2020,23:48:20
14781,MOUSE3,00784A162400,4,1,9,7,LEFT,03-Mar-2020,23:51:31,03-Mar-2020,23:51:53
14782,MOUSE3,00784A162400,37,19,9,7,LEFT,03-Mar-2020,23:54:55,03-Mar-2020,23:58:10
14783,MOUSE3,00784A162400,13,7,9,7,LEFT,04-Mar-2020,00:04:08,04-Mar-2020,00:05:17
14784,MOUSE3,00784A162400,5,3,9,7,LEFT,04-Mar-2020,00:12:01,04-Mar-2020,00:12:28
14785,MOUSE3,00784A162400,3,1,9,7,LEFT,04-Mar-2020,00:13:05,04-Mar-2020,00:13:22
14786,MOUSE3,00784A162400,11,5,9,7,LEFT,04-Mar-2020,00:13:26,04-Mar-2020,00:14:24
14787,MOUSE3,00784A162400,15,9,9,7,LEFT,04-Mar-2020,00:16:37,04-Mar-2020,00:17:56
14788,MOUSE3,00784A162400,4,1,9,7,LEFT,04-Mar-2020,00:25:09,04-Mar-2020,00:25:31
14789,MOUSE3,00784A162400,3,1,9,7,LEFT,04-Mar-2020,00:26:20,04-Mar-2020,00:26:37
14790,MOUSE3,00784A162400,2,0,9,7,LEFT,04-Mar-2020,00:27:47,04-Mar-2020,00:27:59
14791,MOUSE3,00784A162400,3,1,9,7,LEFT,04-Mar-2020,00:36:28,04-Mar-2020,00:36:45
14792,MOUSE3,00784A162400,21,8,9,7,LEFT,04-Mar-2020,00:36:52,04-Mar-2020,00:38:43
14793,MOUSE3,00784A162400,25,14,9,7,LEFT,04-Mar-2020,00:41:24,04-Mar-2020,00:43:36
14794,MOUSE3,00784A162400,2,0,9,7,LEFT,04-Mar-2020,00:57:19,04-Mar-2020,00:57:31
14795,MOUSE3,00784A162400,2,0,9,7,LEFT,04-Mar-2020,00:57:35,04-Mar-2020,00:57:47
14796,MOUSE3,00784A162400,2,0,9,7,LEFT,04-Mar-2020,01:19:45,04-Mar-2020,01:19:57
14797,MOUSE3,00784A162400,2,0,9,7,LEFT,04-Mar-2020,01:37:05,04-Mar-2020,01:37:17
14798,MOUSE3,00784A162400,2,0,9,7,LEFT,04-Mar-2020,01:49:18,04-Mar-2020,01:49:30
14799,MOUSE3,00784A162400,3,1,9,7,LEFT,04-Mar-2020,03:48:57,04-Mar-2020,03:49:14
14800,MOUSE3,00784A162400,2,0,9,7,LEFT,04-Mar-2020,04:07:20,04-Mar-2020,04:07:32
14801,MOUSE3,00784A162400,2,0,9,7,LEFT,04-Mar-2020,04:34:30,04-Mar-2020,04:34:42
14802,MOUSE3,00784A162400,2,0,9,7,LEFT,04-Mar-2020,04:44:07,04-Mar-2020,04:44:19
14803,MOUSE3,00784A162400,4,2,9,7,LEFT,04-Mar-2020,09:22:11,04-Mar-2020,09:22:33
14804,MOUSE3,00784A162400,2,0,9,7,LEFT,04-Mar-2020,10:17:31,04-Mar-2020,10:17:43
14805,MOUSE3,00784A162400,2,0,9,7,LEFT,04-Mar-2020,10:19:33,04-Mar-2020,10:19:44
14806,MOUSE3,00784A162400,6,3,9,7,LEFT,04-Mar-2020,10:22:11,04-Mar-2020,10:22:43
14807,MOUSE3,00784A162400,6,4,9,7,LEFT,04-Mar-2020,10:38:26,04-Mar-2020,10:38:59
14808,MOUSE3,00784A162400,5,2,9,7,LEFT,04-Mar-2020,10:55:57,04-Mar-2020,10:56:24
14809,MOUSE3,00784A162400,7,5,9,7,LEFT,04-Mar-2020,11:07:54,04-Mar-2020,11:08:32
14810,MOUSE3,00784A162400,6,4,9,7,LEFT,04-Mar-2020,11:13:56,04-Mar-2020,11:14:29
14811,MOUSE3,00784A162400,2,0,9,7,LEFT,04-Mar-2020,11:14:57,04-Mar-2020,11:15:08
14812,MOUSE3,00784A162400,4,2,9,7,LEFT,04-Mar-2020,11:27:07,04-Mar-2020,11:27:29
14813,MOUSE3,00784A162400,3,0,9,7,LEFT,04-Mar-2020,11:45:41,04-Mar-2020,11:45:58
14814,MOUSE3,00784A162400,8,4,9,7,LEFT,04-Mar-2020,12:04:12,04-Mar-2020,12:04:56
14815,MOUSE3,00784A162400,10,6,9,7,LEFT,04-Mar-2020,12:16:04,04-Mar-2020,12:16:57
14816,MOUSE3,00784A162400,5,2,9,7,LEFT,04-Mar-2020,12:17:30,04-Mar-2020,12:17:57
14817,MOUSE3,00784A162400,2,0,9,7,LEFT,04-Mar-2020,12:26:04,04-Mar-2020,12:26:16
14818,MOUSE3,00784A162400,2,0,9,7,LEFT,04-Mar-2020,12:42:47,04-Mar-2020,12:42:59
14819,MOUSE3,00784A162400,2,0,9,7,LEFT,04-Mar-2020,12:47:11,04-Mar-2020,12:47:23
14820,MOUSE3,00784A162400,4,1,9,7,LEFT,04-Mar-2020,19:45:07,04-Mar-2020,19:45:29
14821,MOUSE3,00784A162400,5,3,9,7,LEFT,04-Mar-2020,20:44:32,04-Mar-2020,20:45:00
14822,MOUSE3,00784A162400,2,0,9,7,LEFT,04-Mar-2020,20:57:51,04-Mar-2020,20:58:02
14823,MOUSE3,00784A162400,2,0,9,7,LEFT,04-Mar-2020,21:48:39,04-Mar-2020,21:48:51
14824,MOUSE3,00784A162400,3,1,9,7,LEFT,04-Mar-2020,21:48:54,04-Mar-2020,21:49:11
14825,MOUSE3,00784A162400,3,1,9,7,LEFT,04-Mar-2020,21:56:06,04-Mar-2020,21:56:23
14826,MOUSE3,00784A162400,2,0,9,7,LEFT,04-Mar-2020,22:01:34,04-Mar-2020,22:01:45
14827,MOUSE3,00784A162400,20,9,9,7,LEFT,04-Mar-2020,22:08:11,04-Mar-2020,22:09:57
14828,MOUSE3,00784A162400,29,11,9,7,LEFT,04-Mar-2020,22:17:00,04-Mar-2020,22:19:33
14829,MOUSE3,00784A162400,33,9,9,7,LEFT,04-Mar-2020,22:20:41,04-Mar-2020,22:23:35
14830,MOUSE3,00784A162400,25,8,9,7,LEFT,04-Mar-2020,22:27:31,04-Mar-2020,22:29:43
14831,MOUSE3,00784A162400,8,2,9,7,LEFT,04-Mar-2020,22:31:32,04-Mar-2020,22:32:15
14832,MOUSE3,00784A162400,23,7,9,7,LEFT,04-Mar-2020,22:32:21,04-Mar-2020,22:34:22
14833,MOUSE3,00784A162400,14,4,9,7,LEFT,04-Mar-2020,22:36:36,04-Mar-2020,22:37:51
14834,MOUSE3,00784A162400,5,1,9,7,LEFT,04-Mar-2020,22:54:04,04-Mar-2020,22:54:32
14835,MOUSE3,00784A162400,5,3,9,7,LEFT,04-Mar-2020,22:54:43,04-Mar-2020,22:55:11
14836,MOUSE3,00784A162400,5,0,9,7,LEFT,04-Mar-2020,22:56:17,04-Mar-2020,22:56:44
14837,MOUSE3,00784A162400,6,3,9,7,LEFT,04-Mar-2020,23:07:21,04-Mar-2020,23:07:54
14838,MOUSE3,00784A162400,25,5,9,7,LEFT,04-Mar-2020,23:24:13,04-Mar-2020,23:26:25
14839,MOUSE3,00784A162400,21,6,9,7,LEFT,04-Mar-2020,23:45:15,04-Mar-2020,23:47:06
14840,MOUSE3,00784A162400,37,16,9,7,LEFT,04-Mar-2020,23:50:12,04-Mar-2020,23:53:27
14841,MOUSE3,00784A162400,30,4,9,7,LEFT,05-Mar-2020,00:15:25,05-Mar-2020,00:18:04
14842,MOUSE3,00784A162400,14,2,9,7,LEFT,05-Mar-2020,00:20:33,05-Mar-2020,00:21:48
14843,MOUSE3,00784A162400,28,6,9,7,LEFT,05-Mar-2020,00:28:37,05-Mar-2020,00:31:05
14844,MOUSE3,00784A162400,18,2,9,7,LEFT,05-Mar-2020,00:37:25,05-Mar-2020,00:39:00
14845,MOUSE3,00784A162400,44,7,9,7,LEFT,05-Mar-2020,00:54:28,05-Mar-2020,00:58:19
14846,MOUSE3,00784A162400,4,3,9,7,LEFT,05-Mar-2020,01:02:05,05-Mar-2020,01:02:27
14847,MOUSE3,00784A162400,17,4,9,7,LEFT,05-Mar-2020,01:10:34,05-Mar-2020,01:12:04
14848,MOUSE3,00784A162400,23,5,9,7,LEFT,05-Mar-2020,01:14:06,05-Mar-2020,01:16:08
14849,MOUSE3,00784A162400,2,0,9,7,LEFT,05-Mar-2020,01:26:24,05-Mar-2020,01:26:36
14850,MOUSE3,00784A162400,2,0,9,7,LEFT,05-Mar-2020,01:26:44,05-Mar-2020,01:26:56
14851,MOUSE3,00784A162400,2,0,9,7,LEFT,05-Mar-2020,05:40:31,05-Mar-2020,05:40:43
14852,MOUSE3,00784A162400,4,1,9,7,LEFT,05-Mar-2020,08:50:09,05-Mar-2020,08:50:31
14853,MOUSE3,00784A162400,54,6,9,7,LEFT,05-Mar-2020,09:09:04,05-Mar-2020,09:13:48
14854,MOUSE3,00784A162400,26,1,9,7,LEFT,05-Mar-2020,09:23:08,05-Mar-2020,09:25:25
14855,MOUSE3,00784A162400,11,3,9,7,LEFT,05-Mar-2020,09:25:54,05-Mar-2020,09:26:53
14856,MOUSE3,00784A162400,3,0,9,7,LEFT,05-Mar-2020,09:28:18,05-Mar-2020,09:28:35
14857,MOUSE3,00784A162400,17,1,9,7,LEFT,05-Mar-2020,09:33:05,05-Mar-2020,09:34:35
14858,MOUSE3,00784A162400,17,6,9,7,LEFT,05-Mar-2020,09:39:47,05-Mar-2020,09:41:17
14859,MOUSE3,00784A162400,2,0,9,7,LEFT,05-Mar-2020,09:43:29,05-Mar-2020,09:43:41
14860,MOUSE3,00784A162400,2,0,9,7,LEFT,05-Mar-2020,09:44:05,05-Mar-2020,09:44:17
14861,MOUSE3,00784A162400,8,1,9,7,LEFT,05-Mar-2020,10:53:36,05-Mar-2020,10:54:19
14862,MOUSE3,00784A162400,6,3,9,7,LEFT,05-Mar-2020,11:17:04,05-Mar-2020,11:17:36
14863,MOUSE3,00784A162400,11,6,9,7,LEFT,05-Mar-2020,11:43:29,05-Mar-2020,11:44:28
14864,MOUSE3,00784A162400,3,2,9,7,LEFT,05-Mar-2020,11:46:10,05-Mar-2020,11:46:27
14865,MOUSE3,00784A162400,3,0,9,7,LEFT,05-Mar-2020,11:47:26,05-Mar-2020,11:47:43
14866,MOUSE3,00784A162400,3,1,9,7,LEFT,05-Mar-2020,12:34:51,05-Mar-2020,12:35:08
14867,MOUSE3,00784A162400,7,3,9,8,LEFT,05-Mar-2020,18:36:57,05-Mar-2020,18:37:35
14868,MOUSE3,00784A162400,4,0,9,8,LEFT,05-Mar-2020,19:33:50,05-Mar-2020,19:34:12
14869,MOUSE3,00784A162400,4,1,9,8,LEFT,05-Mar-2020,19:46:10,05-Mar-2020,19:46:32
14870,MOUSE3,00784A162400,3,0,9,8,LEFT,05-Mar-2020,19:58:05,05-Mar-2020,19:58:22
14871,MOUSE3,00784A162400,5,1,9,8,LEFT,05-Mar-2020,20:10:38,05-Mar-2020,20:11:05
14872,MOUSE3,00784A162400,3,0,9,8,LEFT,05-Mar-2020,20:26:30,05-Mar-2020,20:26:47
14873,MOUSE3,00784A162400,30,7,9,8,LEFT,05-Mar-2020,20:30:49,05-Mar-2020,20:33:28
14874,MOUSE3,00784A162400,13,2,9,8,LEFT,05-Mar-2020,21:04:21,05-Mar-2020,21:05:30
14875,MOUSE3,00784A162400,8,1,9,8,LEFT,05-Mar-2020,21:19:55,05-Mar-2020,21:20:38
14876,MOUSE3,00784A162400,25,4,9,8,LEFT,05-Mar-2020,21:24:17,05-Mar-2020,21:26:29
14877,MOUSE3,00784A162400,2,0,9,8,LEFT,05-Mar-2020,21:43:24,05-Mar-2020,21:43:35
14878,MOUSE3,00784A162400,6,0,9,8,LEFT,05-Mar-2020,22:02:20,05-Mar-2020,22:02:52
14879,MOUSE3,00784A162400,4,0,9,8,LEFT,05-Mar-2020,22:35:58,05-Mar-2020,22:36:20
14880,MOUSE3,00784A162400,26,3,9,8,LEFT,05-Mar-2020,23:18:04,05-Mar-2020,23:20:21
14881,MOUSE3,00784A162400,5,0,9,8,LEFT,05-Mar-2020,23:31:41,05-Mar-2020,23:32:08
14882,MOUSE3,00784A162400,2,0,9,8,LEFT,05-Mar-2020,23:33:14,05-Mar-2020,23:33:25
14883,MOUSE3,00784A162400,5,1,9,8,LEFT,05-Mar-2020,23:40:25,05-Mar-2020,23:40:52
14884,MOUSE3,00784A162400,16,1,9,8,LEFT,05-Mar-2020,23:43:08,05-Mar-2020,23:44:33
14885,MOUSE3,00784A162400,3,0,9,8,LEFT,05-Mar-2020,23:58:07,05-Mar-2020,23:58:24
14886,MOUSE3,00784A162400,37,8,9,8,LEFT,06-Mar-2020,00:04:51,06-Mar-2020,00:08:06
14887,MOUSE3,00784A162400,7,0,9,8,LEFT,06-Mar-2020,00:16:35,06-Mar-2020,00:17:13
14888,MOUSE3,00784A162400,23,9,9,8,LEFT,06-Mar-2020,00:19:21,06-Mar-2020,00:21:23
14889,MOUSE3,00784A162400,3,1,9,8,LEFT,06-Mar-2020,00:24:20,06-Mar-2020,00:24:37
14890,MOUSE3,00784A162400,3,0,9,8,LEFT,06-Mar-2020,00:32:59,06-Mar-2020,00:33:16
14891,MOUSE3,00784A162400,6,2,9,8,LEFT,06-Mar-2020,00:36:46,06-Mar-2020,00:37:18
14892,MOUSE3,00784A162400,7,0,9,8,LEFT,06-Mar-2020,00:37:29,06-Mar-2020,00:38:07
14893,MOUSE3,00784A162400,2,0,9,8,LEFT,06-Mar-2020,00:39:13,06-Mar-2020,00:39:25
14894,MOUSE3,00784A162400,2,0,9,8,LEFT,06-Mar-2020,00:42:41,06-Mar-2020,00:42:52
14895,MOUSE3,00784A162400,8,3,9,8,LEFT,06-Mar-2020,00:47:42,06-Mar-2020,00:48:25
14896,MOUSE3,00784A162400,2,0,9,8,LEFT,06-Mar-2020,00:59:13,06-Mar-2020,00:59:24
14897,MOUSE3,00784A162400,2,0,9,8,LEFT,06-Mar-2020,01:00:28,06-Mar-2020,01:00:40
14898,MOUSE3,00784A162400,2,0,9,8,LEFT,06-Mar-2020,01:10:59,06-Mar-2020,01:11:11
14899,MOUSE3,00784A162400,3,0,9,8,LEFT,06-Mar-2020,04:35:38,06-Mar-2020,04:35:54
14900,MOUSE3,00784A162400,2,0,9,8,LEFT,06-Mar-2020,10:23:06,06-Mar-2020,10:23:18
14901,MOUSE3,00784A162400,5,2,9,8,LEFT,06-Mar-2020,10:40:41,06-Mar-2020,10:41:08
14902,MOUSE3,00784A162400,4,0,9,8,LEFT,06-Mar-2020,10:50:27,06-Mar-2020,10:50:49
14903,MOUSE3,00784A162400,9,2,9,8,LEFT,06-Mar-2020,11:31:19,06-Mar-2020,11:32:07
14904,MOUSE3,00784A162400,6,5,9,8,LEFT,06-Mar-2020,11:40:39,06-Mar-2020,11:41:11
14905,MOUSE3,00784A162400,3,1,9,8,LEFT,06-Mar-2020,12:04:48,06-Mar-2020,12:05:05
14906,MOUSE3,00784A162400,3,0,9,8,LEFT,06-Mar-2020,19:30:46,06-Mar-2020,19:31:03
14907,MOUSE3,00784A162400,3,0,9,8,LEFT,06-Mar-2020,20:49:30,06-Mar-2020,20:49:47
14908,MOUSE3,00784A162400,7,0,9,8,LEFT,06-Mar-2020,20:58:32,06-Mar-2020,20:59:09
14909,MOUSE3,00784A162400,23,2,9,8,LEFT,06-Mar-2020,20:59:41,06-Mar-2020,21:01:43
14910,MOUSE3,00784A162400,15,0,9,8,LEFT,06-Mar-2020,21:22:55,06-Mar-2020,21:24:14
14911,MOUSE3,00784A162400,9,1,9,8,LEFT,06-Mar-2020,21:30:46,06-Mar-2020,21:31:35
14912,MOUSE3,00784A162400,21,2,9,8,LEFT,06-Mar-2020,21:39:12,06-Mar-2020,21:41:03
14913,MOUSE3,00784A162400,43,5,9,8,LEFT,06-Mar-2020,21:42:15,06-Mar-2020,21:46:01
14914,MOUSE3,00784A162400,2,0,9,8,LEFT,06-Mar-2020,21:54:10,06-Mar-2020,21:54:22
14915,MOUSE3,00784A162400,49,7,9,8,LEFT,06-Mar-2020,21:55:34,06-Mar-2020,21:59:52
14916,MOUSE3,00784A162400,34,5,9,8,LEFT,06-Mar-2020,22:14:00,06-Mar-2020,22:17:00
14917,MOUSE3,00784A162400,14,1,9,8,LEFT,06-Mar-2020,22:21:44,06-Mar-2020,22:22:59
14918,MOUSE3,00784A162400,40,3,9,8,LEFT,06-Mar-2020,22:40:47,06-Mar-2020,22:44:17
14919,MOUSE3,00784A162400,24,3,9,8,LEFT,06-Mar-2020,22:51:29,06-Mar-2020,22:53:36
14920,MOUSE3,00784A162400,2,0,9,8,LEFT,06-Mar-2020,23:27:28,06-Mar-2020,23:27:40
14921,MOUSE3,00784A162400,74,19,9,8,LEFT,06-Mar-2020,23:28:15,06-Mar-2020,23:34:43
14922,MOUSE3,00784A162400,9,4,9,8,LEFT,06-Mar-2020,23:49:38,06-Mar-2020,23:50:26
14923,MOUSE3,00784A162400,6,1,9,8,LEFT,06-Mar-2020,23:50:43,06-Mar-2020,23:51:16
14924,MOUSE3,00784A162400,3,0,9,8,LEFT,06-Mar-2020,23:51:52,06-Mar-2020,23:52:09
14925,MOUSE3,00784A162400,4,1,9,8,LEFT,06-Mar-2020,23:52:45,06-Mar-2020,23:53:08
14926,MOUSE3,00784A162400,9,2,9,8,LEFT,06-Mar-2020,23:56:22,06-Mar-2020,23:57:11
14927,MOUSE3,00784A162400,33,7,9,8,LEFT,06-Mar-2020,23:57:46,07-Mar-2020,00:00:41
14928,MOUSE3,00784A162400,19,4,9,8,LEFT,07-Mar-2020,00:04:14,07-Mar-2020,00:05:55
14929,MOUSE3,00784A162400,29,4,9,8,LEFT,07-Mar-2020,00:08:55,07-Mar-2020,00:11:28
14930,MOUSE3,00784A162400,17,3,9,8,LEFT,07-Mar-2020,00:12:20,07-Mar-2020,00:13:50
14931,MOUSE3,00784A162400,22,1,9,8,LEFT,07-Mar-2020,00:30:56,07-Mar-2020,00:32:53
14932,MOUSE3,00784A162400,37,4,9,8,LEFT,07-Mar-2020,00:34:19,07-Mar-2020,00:37:34
14933,MOUSE3,00784A162400,14,3,9,8,LEFT,07-Mar-2020,00:58:53,07-Mar-2020,01:00:07
14934,MOUSE3,00784A162400,11,2,9,8,LEFT,07-Mar-2020,01:02:00,07-Mar-2020,01:02:59
14935,MOUSE3,00784A162400,49,5,9,8,LEFT,07-Mar-2020,01:03:32,07-Mar-2020,01:07:50
14936,MOUSE3,00784A162400,3,0,9,8,LEFT,07-Mar-2020,01:11:52,07-Mar-2020,01:12:09
14937,MOUSE3,00784A162400,2,0,9,8,LEFT,07-Mar-2020,01:29:39,07-Mar-2020,01:29:50
14938,MOUSE3,00784A162400,4,1,9,8,LEFT,07-Mar-2020,01:32:03,07-Mar-2020,01:32:25
14939,MOUSE3,00784A162400,14,0,9,8,LEFT,07-Mar-2020,01:33:02,07-Mar-2020,01:34:16
14940,MOUSE3,00784A162400,2,0,9,8,LEFT,07-Mar-2020,01:42:27,07-Mar-2020,01:42:39
14941,MOUSE3,00784A162400,14,3,9,8,LEFT,07-Mar-2020,01:43:21,07-Mar-2020,01:44:36
14942,MOUSE3,00784A162400,10,0,9,8,LEFT,07-Mar-2020,01:55:44,07-Mar-2020,01:56:38
14943,MOUSE3,00784A162400,3,1,9,8,LEFT,07-Mar-2020,04:55:56,07-Mar-2020,04:56:12
14944,MOUSE3,00784A162400,16,1,9,8,LEFT,07-Mar-2020,06:58:57,07-Mar-2020,07:00:22
14945,MOUSE3,00784A162400,6,1,9,8,LEFT,07-Mar-2020,07:03:27,07-Mar-2020,07:03:59
14946,MOUSE3,00784A162400,24,1,9,8,LEFT,07-Mar-2020,07:30:03,07-Mar-2020,07:32:10
14947,MOUSE3,00784A162400,12,2,9,8,LEFT,07-Mar-2020,07:32:36,07-Mar-2020,07:33:40
14948,MOUSE3,00784A162400,3,0,9,8,LEFT,07-Mar-2020,08:01:50,07-Mar-2020,08:02:07
14949,MOUSE3,00784A162400,7,3,9,8,LEFT,07-Mar-2020,08:19:20,07-Mar-2020,08:19:58
14950,MOUSE3,00784A162400,74,48,9,8,LEFT,07-Mar-2020,08:20:52,07-Mar-2020,08:27:21
14951,MOUSE3,00784A162400,2,0,9,8,LEFT,07-Mar-2020,08:35:08,07-Mar-2020,08:35:19
14952,MOUSE3,00784A162400,21,3,9,8,LEFT,07-Mar-2020,09:33:24,07-Mar-2020,09:35:16
14953,MOUSE3,00784A162400,79,31,9,8,LEFT,07-Mar-2020,09:40:26,07-Mar-2020,09:47:21
14954,MOUSE3,00784A162400,26,3,9,8,LEFT,07-Mar-2020,09:51:28,07-Mar-2020,09:53:45
14955,MOUSE3,00784A162400,2,1,9,8,LEFT,07-Mar-2020,10:21:02,07-Mar-2020,10:21:14
14956,MOUSE3,00784A162400,5,3,9,8,LEFT,07-Mar-2020,10:33:09,07-Mar-2020,10:33:37
14957,MOUSE3,00784A162400,7,4,9,8,LEFT,07-Mar-2020,10:35:34,07-Mar-2020,10:36:11
14958,MOUSE3,00784A162400,3,1,10,7,LEFT,07-Mar-2020,16:05:42,07-Mar-2020,16:05:59
14959,MOUSE3,00784A162400,2,0,10,7,LEFT,07-Mar-2020,18:44:23,07-Mar-2020,18:44:34
14960,MOUSE3,00784A162400,5,1,10,7,LEFT,07-Mar-2020,19:29:01,07-Mar-2020,19:29:28
14961,MOUSE3,00784A162400,5,2,10,7,LEFT,07-Mar-2020,20:55:32,07-Mar-2020,20:55:59
14962,MOUSE3,00784A162400,22,0,10,7,LEFT,07-Mar-2020,20:57:19,07-Mar-2020,20:59:15
14963,MOUSE3,00784A162400,13,1,10,7,LEFT,07-Mar-2020,21:11:48,07-Mar-2020,21:12:57
14964,MOUSE3,00784A162400,2,0,10,7,LEFT,07-Mar-2020,21:22:28,07-Mar-2020,21:22:39
14965,MOUSE3,00784A162400,12,3,10,7,LEFT,07-Mar-2020,21:29:24,07-Mar-2020,21:30:28
14966,MOUSE3,00784A162400,7,1,10,7,LEFT,07-Mar-2020,21:32:17,07-Mar-2020,21:32:55
14967,MOUSE3,00784A162400,2,0,10,7,LEFT,07-Mar-2020,21:52:40,07-Mar-2020,21:52:52
14968,MOUSE3,00784A162400,10,2,10,7,LEFT,07-Mar-2020,22:09:51,07-Mar-2020,22:10:45
14969,MOUSE3,00784A162400,11,3,10,7,LEFT,07-Mar-2020,22:28:12,07-Mar-2020,22:29:10
14970,MOUSE3,00784A162400,2,0,10,7,LEFT,07-Mar-2020,22:30:01,07-Mar-2020,22:30:13
14971,MOUSE3,00784A162400,9,1,10,7,LEFT,07-Mar-2020,22:33:04,07-Mar-2020,22:33:52
14972,MOUSE3,00784A162400,2,0,10,7,LEFT,07-Mar-2020,22:39:38,07-Mar-2020,22:39:50
14973,MOUSE3,00784A162400,14,0,10,7,LEFT,07-Mar-2020,22:40:34,07-Mar-2020,22:41:48
14974,MOUSE3,00784A162400,2,0,10,7,LEFT,07-Mar-2020,22:56:44,07-Mar-2020,22:56:56
14975,MOUSE3,00784A162400,3,0,10,7,LEFT,07-Mar-2020,22:59:31,07-Mar-2020,22:59:48
14976,MOUSE3,00784A162400,9,0,10,7,LEFT,07-Mar-2020,23:10:49,07-Mar-2020,23:11:38
14977,MOUSE3,00784A162400,6,1,10,7,LEFT,07-Mar-2020,23:12:31,07-Mar-2020,23:13:04
14978,MOUSE3,00784A162400,29,7,10,7,LEFT,07-Mar-2020,23:14:40,07-Mar-2020,23:17:13
14979,MOUSE3,00784A162400,7,3,10,7,LEFT,07-Mar-2020,23:36:08,07-Mar-2020,23:36:46
14980,MOUSE3,00784A162400,2,0,10,7,LEFT,07-Mar-2020,23:40:29,07-Mar-2020,23:40:41
14981,MOUSE3,00784A162400,3,0,10,7,LEFT,08-Mar-2020,00:09:28,08-Mar-2020,00:09:45
14982,MOUSE3,00784A162400,19,7,10,7,LEFT,08-Mar-2020,00:21:52,08-Mar-2020,00:23:33
14983,MOUSE3,00784A162400,26,2,10,7,LEFT,08-Mar-2020,00:24:04,08-Mar-2020,00:26:21
14984,MOUSE3,00784A162400,6,1,10,7,LEFT,08-Mar-2020,00:33:33,08-Mar-2020,00:34:06
14985,MOUSE3,00784A162400,16,1,10,7,LEFT,08-Mar-2020,00:38:00,08-Mar-2020,00:39:26
14986,MOUSE3,00784A162400,4,0,10,7,LEFT,08-Mar-2020,01:09:06,08-Mar-2020,01:09:28
14987,MOUSE3,00784A162400,13,4,10,7,LEFT,08-Mar-2020,01:09:50,08-Mar-2020,01:10:59
14988,MOUSE3,00784A162400,2,0,10,7,LEFT,08-Mar-2020,04:14:47,08-Mar-2020,04:14:59
14989,MOUSE3,00784A162400,3,0,10,7,LEFT,08-Mar-2020,04:19:32,08-Mar-2020,04:19:48
14990,MOUSE3,00784A162400,2,0,10,7,LEFT,08-Mar-2020,04:24:24,08-Mar-2020,04:24:35
14991,MOUSE3,00784A162400,2,0,10,7,LEFT,08-Mar-2020,04:37:11,08-Mar-2020,04:37:22
14992,MOUSE3,00784A162400,26,4,10,7,LEFT,08-Mar-2020,04:37:27,08-Mar-2020,04:39:44
14993,MOUSE3,00784A162400,4,0,10,7,LEFT,08-Mar-2020,07:14:45,08-Mar-2020,07:15:07
14994,MOUSE3,00784A162400,3,0,10,7,LEFT,08-Mar-2020,07:18:48,08-Mar-2020,07:19:05
14995,MOUSE3,00784A162400,15,7,10,7,LEFT,08-Mar-2020,10:23:07,08-Mar-2020,10:24:27
14996,MOUSE3,00784A162400,7,2,10,7,LEFT,08-Mar-2020,10:41:36,08-Mar-2020,10:42:13
14997,MOUSE3,00784A162400,8,2,10,7,LEFT,08-Mar-2020,10:42:57,08-Mar-2020,10:43:40
14998,MOUSE3,00784A162400,2,0,10,8,LEFT,08-Mar-2020,16:13:49,08-Mar-2020,16:14:01
14999,MOUSE3,00784A162400,4,1,10,8,LEFT,08-Mar-2020,16:30:28,08-Mar-2020,16:30:50
15000,MOUSE3,00784A162400,2,0,10,8,LEFT,08-Mar-2020,16:31:27,08-Mar-2020,16:31:39
15001,MOUSE3,00784A162400,8,5,10,8,LEFT,08-Mar-2020,18:06:55,08-Mar-2020,18:07:38
15002,MOUSE3,00784A162400,5,2,10,8,LEFT,08-Mar-2020,19:42:31,08-Mar-2020,19:42:58
15003,MOUSE3,00784A162400,4,0,10,8,LEFT,08-Mar-2020,20:44:41,08-Mar-2020,20:45:03
15004,MOUSE3,00784A162400,8,2,10,8,LEFT,08-Mar-2020,21:03:59,08-Mar-2020,21:04:42
15005,MOUSE3,00784A162400,10,2,10,8,LEFT,08-Mar-2020,21:24:45,08-Mar-2020,21:25:38
15006,MOUSE3,00784A162400,7,2,10,8,LEFT,08-Mar-2020,21:25:52,08-Mar-2020,21:26:29
15007,MOUSE3,00784A162400,3,0,10,8,LEFT,08-Mar-2020,21:30:04,08-Mar-2020,21:30:21
15008,MOUSE3,00784A162400,10,2,10,8,LEFT,08-Mar-2020,21:39:30,08-Mar-2020,21:40:24
15009,MOUSE3,00784A162400,10,4,10,8,LEFT,08-Mar-2020,21:44:21,08-Mar-2020,21:45:14
15010,MOUSE3,00784A162400,2,0,10,8,LEFT,08-Mar-2020,21:54:08,08-Mar-2020,21:54:19
15011,MOUSE3,00784A162400,2,0,10,8,LEFT,08-Mar-2020,21:56:29,08-Mar-2020,21:56:40
15012,MOUSE3,00784A162400,24,3,10,8,LEFT,08-Mar-2020,22:08:58,08-Mar-2020,22:11:05
15013,MOUSE3,00784A162400,6,2,10,8,LEFT,08-Mar-2020,22:11:54,08-Mar-2020,22:12:26
15014,MOUSE3,00784A162400,13,3,10,8,LEFT,08-Mar-2020,22:15:14,08-Mar-2020,22:16:23
15015,MOUSE3,00784A162400,10,0,10,8,LEFT,08-Mar-2020,22:20:40,08-Mar-2020,22:21:34
15016,MOUSE3,00784A162400,4,0,10,8,LEFT,08-Mar-2020,22:22:27,08-Mar-2020,22:22:49
15017,MOUSE3,00784A162400,2,0,10,8,LEFT,08-Mar-2020,22:22:58,08-Mar-2020,22:23:10
15018,MOUSE3,00784A162400,3,1,10,8,LEFT,08-Mar-2020,22:23:57,08-Mar-2020,22:24:14
15019,MOUSE3,00784A162400,12,1,10,8,LEFT,08-Mar-2020,22:34:39,08-Mar-2020,22:35:43
15020,MOUSE3,00784A162400,9,2,10,8,LEFT,08-Mar-2020,22:36:46,08-Mar-2020,22:37:34
15021,MOUSE3,00784A162400,3,0,10,8,LEFT,08-Mar-2020,22:44:15,08-Mar-2020,22:44:32
15022,MOUSE3,00784A162400,5,0,10,8,LEFT,08-Mar-2020,22:47:27,08-Mar-2020,22:47:55
15023,MOUSE3,00784A162400,2,0,10,8,LEFT,08-Mar-2020,22:52:11,08-Mar-2020,22:52:23
15024,MOUSE3,00784A162400,2,0,10,8,LEFT,08-Mar-2020,22:53:09,08-Mar-2020,22:53:21
15025,MOUSE3,00784A162400,3,0,10,8,LEFT,08-Mar-2020,23:01:18,08-Mar-2020,23:01:35
15026,MOUSE3,00784A162400,6,1,10,8,LEFT,08-Mar-2020,23:02:02,08-Mar-2020,23:02:34
15027,MOUSE3,00784A162400,9,2,10,8,LEFT,08-Mar-2020,23:03:18,08-Mar-2020,23:04:07
15028,MOUSE3,00784A162400,2,0,10,8,LEFT,08-Mar-2020,23:11:31,08-Mar-2020,23:11:43
15029,MOUSE3,00784A162400,10,1,10,8,LEFT,08-Mar-2020,23:12:22,08-Mar-2020,23:13:16
15030,MOUSE3,00784A162400,10,3,10,8,LEFT,08-Mar-2020,23:13:21,08-Mar-2020,23:14:15
15031,MOUSE3,00784A162400,15,0,10,8,LEFT,08-Mar-2020,23:35:37,08-Mar-2020,23:36:57
15032,MOUSE3,00784A162400,2,0,10,8,LEFT,08-Mar-2020,23:42:41,08-Mar-2020,23:42:52
15033,MOUSE3,00784A162400,7,2,10,8,LEFT,08-Mar-2020,23:44:52,08-Mar-2020,23:45:29
15034,MOUSE3,00784A162400,34,1,10,8,LEFT,08-Mar-2020,23:45:41,08-Mar-2020,23:48:40
15035,MOUSE3,00784A162400,3,0,10,8,LEFT,08-Mar-2020,23:57:42,08-Mar-2020,23:57:59
15036,MOUSE3,00784A162400,16,2,10,8,LEFT,09-Mar-2020,00:21:49,09-Mar-2020,00:23:14
15037,MOUSE3,00784A162400,3,1,10,8,LEFT,09-Mar-2020,00:24:30,09-Mar-2020,00:24:47
15038,MOUSE3,00784A162400,49,3,10,8,LEFT,09-Mar-2020,00:27:19,09-Mar-2020,00:31:37
15039,MOUSE3,00784A162400,2,0,10,8,LEFT,09-Mar-2020,00:34:26,09-Mar-2020,00:34:38
15040,MOUSE3,00784A162400,18,3,10,8,LEFT,09-Mar-2020,00:34:45,09-Mar-2020,00:36:20
15041,MOUSE3,00784A162400,12,1,10,8,LEFT,09-Mar-2020,00:37:15,09-Mar-2020,00:38:19
15042,MOUSE3,00784A162400,25,0,10,8,LEFT,09-Mar-2020,00:38:54,09-Mar-2020,00:41:06
15043,MOUSE3,00784A162400,46,2,10,8,LEFT,09-Mar-2020,00:42:26,09-Mar-2020,00:46:28
15044,MOUSE3,00784A162400,2,0,10,8,LEFT,09-Mar-2020,00:54:52,09-Mar-2020,00:55:03
15045,MOUSE3,00784A162400,2,0,10,8,LEFT,09-Mar-2020,00:59:09,09-Mar-2020,00:59:21
15046,MOUSE3,00784A162400,30,0,10,8,LEFT,09-Mar-2020,01:01:03,09-Mar-2020,01:03:42
15047,MOUSE3,00784A162400,49,1,10,8,LEFT,09-Mar-2020,01:09:38,09-Mar-2020,01:13:56
15048,MOUSE3,00784A162400,20,2,10,8,LEFT,09-Mar-2020,01:15:16,09-Mar-2020,01:17:02
15049,MOUSE3,00784A162400,43,4,10,8,LEFT,09-Mar-2020,01:22:22,09-Mar-2020,01:26:09
15050,MOUSE3,00784A162400,36,4,10,8,LEFT,09-Mar-2020,01:28:11,09-Mar-2020,01:31:20
15051,MOUSE3,00784A162400,5,0,10,8,LEFT,09-Mar-2020,01:31:46,09-Mar-2020,01:32:14
15052,MOUSE3,00784A162400,2,0,10,8,LEFT,09-Mar-2020,01:39:47,09-Mar-2020,01:39:58
15053,MOUSE3,00784A162400,3,1,10,8,LEFT,09-Mar-2020,01:40:11,09-Mar-2020,01:40:28
15054,MOUSE3,00784A162400,35,3,10,8,LEFT,09-Mar-2020,01:41:17,09-Mar-2020,01:44:21
15055,MOUSE3,00784A162400,3,1,10,8,LEFT,09-Mar-2020,01:46:31,09-Mar-2020,01:46:48
15056,MOUSE3,00784A162400,3,0,10,8,LEFT,09-Mar-2020,02:03:10,09-Mar-2020,02:03:27
15057,MOUSE3,00784A162400,3,0,10,8,LEFT,09-Mar-2020,02:04:31,09-Mar-2020,02:04:47
15058,MOUSE3,00784A162400,4,1,10,8,LEFT,09-Mar-2020,02:43:57,09-Mar-2020,02:44:19
15059,MOUSE3,00784A162400,5,0,10,8,LEFT,09-Mar-2020,02:44:54,09-Mar-2020,02:45:21
15060,MOUSE3,00784A162400,20,4,10,8,LEFT,09-Mar-2020,02:45:26,09-Mar-2020,02:47:11
15061,MOUSE3,00784A162400,2,0,10,8,LEFT,09-Mar-2020,02:55:43,09-Mar-2020,02:55:55
15062,MOUSE3,00784A162400,2,0,10,8,LEFT,09-Mar-2020,03:09:43,09-Mar-2020,03:09:54
15063,MOUSE3,00784A162400,2,0,10,8,LEFT,09-Mar-2020,05:25:14,09-Mar-2020,05:25:25
15064,MOUSE3,00784A162400,3,0,10,8,LEFT,09-Mar-2020,05:48:26,09-Mar-2020,05:48:43
15065,MOUSE3,00784A162400,3,0,10,8,LEFT,09-Mar-2020,05:48:46,09-Mar-2020,05:49:03
15066,MOUSE3,00784A162400,2,0,10,8,LEFT,09-Mar-2020,06:07:40,09-Mar-2020,06:07:51
15067,MOUSE3,00784A162400,3,1,10,8,LEFT,09-Mar-2020,06:36:23,09-Mar-2020,06:36:40
15068,MOUSE3,00784A162400,6,2,10,8,LEFT,09-Mar-2020,06:44:17,09-Mar-2020,06:44:49
15069,MOUSE3,00784A162400,13,2,10,8,LEFT,09-Mar-2020,06:48:07,09-Mar-2020,06:49:16
15070,MOUSE3,00784A162400,3,0,10,8,LEFT,09-Mar-2020,06:59:18,09-Mar-2020,06:59:34
15071,MOUSE3,00784A162400,5,1,10,8,LEFT,09-Mar-2020,07:16:36,09-Mar-2020,07:17:03
15072,MOUSE3,00784A162400,40,0,10,8,LEFT,09-Mar-2020,07:23:23,09-Mar-2020,07:26:53
15073,MOUSE3,00784A162400,51,2,10,8,LEFT,09-Mar-2020,07:29:58,09-Mar-2020,07:34:26
15074,MOUSE3,00784A162400,9,0,10,8,LEFT,09-Mar-2020,07:38:16,09-Mar-2020,07:39:04
15075,MOUSE3,00784A162400,19,0,10,8,LEFT,09-Mar-2020,07:40:12,09-Mar-2020,07:41:52
15076,MOUSE3,00784A162400,19,0,10,8,LEFT,09-Mar-2020,07:42:18,09-Mar-2020,07:43:58
15077,MOUSE3,00784A162400,4,2,9,8,LEFT,09-Mar-2020,10:59:28,09-Mar-2020,10:59:50
15078,MOUSE3,00784A162400,6,1,9,8,LEFT,09-Mar-2020,11:08:24,09-Mar-2020,11:08:56
15079,MOUSE3,00784A162400,4,0,9,8,LEFT,09-Mar-2020,11:36:16,09-Mar-2020,11:36:38
15080,MOUSE3,00784A162400,4,2,9,8,LEFT,09-Mar-2020,13:10:38,09-Mar-2020,13:11:00
15081,MOUSE3,00784A162400,14,6,9,8,LEFT,09-Mar-2020,13:21:11,09-Mar-2020,13:22:25
